team_id,team,league,avgGoals,avgGoalsAgainst,avgShotsTotal,avgShotsTotalAgainst,avgShotsOnTarget,avgShotsOnTargetAgainst,avgXg,avgXgAgainst,avgNpxg,avgNpxgAgainst,avgTouchesAtt3rd,avgTouchesAtt3rdAgainst,avgTouchesAttPenArea,avgTouchesAttPenAreaAgainst,avgDribbles,avgDribblesAgainst,avgDribblesCompleted,avgDribblesCompletedAgainst,avgAssistedShots,avgAssistedShotsAgainst,avgPassesIntoFinalThird,avgPassesIntoFinalThirdAgainst,avgPassesIntoPenaltyArea,avgPassesIntoPenaltyAreaAgainst,avgProgressivePasses,avgProgressivePassesAgainst,avgCrossesIntoPenaltyArea,avgCrossesIntoPenaltyAreaAgainst,avgCrosses,avgCrossesAgainst,avgThroughBalls,avgThroughBallsAgainst,avgCornerKicks,avgCornerKicksAgainst,avgPressures,avgPressuresAgainst,avgPressureRegains,avgPressureRegainsAgainst,avgPressuresAtt3rd,avgPressuresAtt3rdAgainst,avgTackles,avgTacklesAgainst,avgTacklesWon,avgTacklesWonAgainst,avgTacklesAtt3rd,avgTacklesAtt3rdAgainst,avgTacklesInterceptions,avgTacklesInterceptionsAgainst,avgAerialsWon,avgAerialsLost,avgFouls,avgNpxg_rank,avgNpxg_tier,avgShotsTotal_rank,avgShotsTotal_tier,avgNpxgAgainst_rank,avgNpxgAgainst_tier,avgShotsTotalAgainst_rank,avgShotsTotalAgainst_tier,avgPassesIntoPenaltyArea_rank,avgPassesIntoPenaltyArea_tier,avgThroughBalls_rank,avgThroughBalls_tier,avgCrosses_rank,avgCrosses_tier,avgProgressivePasses_rank,avgProgressivePasses_tier,avgTouchesAtt3rd_rank,avgTouchesAtt3rd_tier,avgCornerKicks_rank,avgCornerKicks_tier,avgDribbles_rank,avgDribbles_tier,avgFouls_rank,avgFouls_tier,avgAerialsWon_rank,avgAerialsWon_tier,avgTacklesAtt3rd_rank,avgTacklesAtt3rd_tier,avgPressuresAtt3rd_rank,avgPressuresAtt3rd_tier
0,Hoffenheim,Bundesliga,1.5,1.53,12.38,10.94,4.41,4.09,1.52,1.57,1.39,1.37,162.97,140.44,24.59,24.18,17.65,16.29,10.18,9.74,9.21,8.53,31.18,27.41,10.03,8.44,39.26,34.5,2.88,2.03,12.94,11.82,0.71,0.97,4.59,4.68,140.18,160.0,46.24,45.0,35.88,35.74,17.35,18.88,10.44,10.62,2.35,2.26,27.53,30.79,16.59,19.47,13.24,17.0,0.21794871794871795,28.0,0.358974358974359,18.0,0.23076923076923078,51.0,0.6538461538461539,14.0,0.1794871794871795,42.0,0.5384615384615384,21.0,0.2692307692307692,15.0,0.19230769230769232,24.0,0.3076923076923077,37.0,0.47435897435897434,18.0,0.23076923076923078,30.0,0.38461538461538464,41.0,0.5256410256410257,15.0,0.19230769230769232,16.0,0.20512820512820512
1,Osasuna,La_Liga,0.95,1.18,9.79,11.03,3.08,3.63,0.99,1.35,0.87,1.19,123.53,155.71,18.0,22.42,12.08,14.05,6.53,8.08,6.76,8.32,25.08,28.55,6.76,8.63,27.08,32.87,2.53,2.39,13.42,14.76,0.39,1.18,3.08,4.66,140.24,117.26,40.79,38.0,33.79,23.68,14.97,14.24,9.32,9.47,2.05,1.32,25.08,23.84,28.18,22.03,14.13,67.0,0.8589743589743589,63.0,0.8076923076923077,40.0,0.5128205128205128,46.0,0.5897435897435898,54.0,0.6923076923076923,70.0,0.8974358974358975,14.0,0.1794871794871795,59.0,0.7564102564102564,62.0,0.7948717948717948,78.0,1.0,72.0,0.9230769230769231,11.0,0.14102564102564102,1.0,0.01282051282051282,34.0,0.4358974358974359,34.0,0.4358974358974359
2,Udinese,Serie_A,1.05,1.53,10.76,11.79,3.29,3.95,1.13,1.37,1.06,1.09,148.32,169.37,22.08,22.5,15.61,15.26,10.08,9.18,7.58,8.34,24.42,35.34,8.0,8.84,30.53,37.95,2.03,2.21,12.32,11.03,0.5,0.53,4.29,5.11,133.58,146.47,38.18,42.26,27.76,34.63,15.61,16.63,10.08,10.24,1.42,2.24,26.11,28.45,13.42,13.03,13.61,49.0,0.6282051282051282,48.0,0.6153846153846154,55.0,0.7051282051282052,38.0,0.48717948717948717,35.0,0.44871794871794873,63.0,0.8076923076923077,34.0,0.4358974358974359,42.0,0.5384615384615384,41.0,0.5256410256410257,52.0,0.6666666666666666,38.0,0.48717948717948717,25.0,0.32051282051282054,69.0,0.8846153846153846,76.0,0.9743589743589743,67.0,0.8589743589743589
3,Bayern Munich,Bundesliga,2.88,1.29,16.74,9.97,6.47,3.79,2.23,1.21,2.01,1.14,231.03,111.65,38.88,17.35,21.56,15.68,14.12,9.41,13.06,7.65,47.15,21.26,13.85,5.97,51.26,24.68,3.29,1.79,16.65,9.74,1.38,1.47,6.97,3.5,146.65,165.47,50.32,47.71,44.88,29.76,17.18,19.32,11.09,11.94,3.35,1.97,29.38,33.21,14.65,13.29,9.38,1.0,0.01282051282051282,2.0,0.02564102564102564,46.0,0.5897435897435898,62.0,0.7948717948717948,3.0,0.038461538461538464,6.0,0.07692307692307693,1.0,0.01282051282051282,1.0,0.01282051282051282,4.0,0.05128205128205128,1.0,0.01282051282051282,3.0,0.038461538461538464,77.0,0.9871794871794872,58.0,0.7435897435897436,1.0,0.01282051282051282,2.0,0.02564102564102564
4,Augsburg,Bundesliga,1.03,1.5,9.85,14.03,3.18,5.06,1.06,1.64,0.95,1.44,106.29,181.12,16.62,29.74,16.47,16.03,9.59,9.41,7.0,10.47,19.68,35.5,5.79,11.29,25.97,44.09,1.65,3.24,9.21,16.59,0.74,0.82,3.56,5.47,150.29,154.21,44.82,50.26,28.03,42.68,17.03,17.53,9.94,10.74,1.85,3.0,29.88,28.74,18.44,22.94,11.76,59.0,0.7564102564102564,62.0,0.7948717948717948,14.0,0.1794871794871795,14.0,0.1794871794871795,68.0,0.8717948717948718,39.0,0.5,72.0,0.9230769230769231,64.0,0.8205128205128205,74.0,0.9487179487179487,72.0,0.9230769230769231,31.0,0.3974358974358974,54.0,0.6923076923076923,26.0,0.3333333333333333,56.0,0.717948717948718,66.0,0.8461538461538461
5,Hellas Verona,Serie_A,1.0,1.21,10.42,13.89,3.16,3.66,1.14,1.32,1.09,1.19,149.18,146.76,21.82,26.32,13.82,11.84,8.32,6.82,7.82,10.34,26.53,27.13,8.37,8.58,33.87,32.95,1.79,2.26,12.08,11.47,0.53,0.42,4.87,4.92,130.63,136.82,39.55,45.58,30.0,26.58,14.26,15.53,8.89,9.97,1.55,1.21,26.45,27.21,22.55,23.08,16.42,46.0,0.5897435897435898,53.0,0.6794871794871795,40.0,0.5128205128205128,16.0,0.20512820512820512,31.0,0.3974358974358974,58.0,0.7435897435897436,38.0,0.48717948717948717,32.0,0.41025641025641024,38.0,0.48717948717948717,34.0,0.4358974358974359,57.0,0.7307692307692307,3.0,0.038461538461538464,7.0,0.08974358974358974,72.0,0.9230769230769231,54.0,0.6923076923076923
6,Torino,Serie_A,1.29,1.79,11.97,13.0,3.79,3.97,1.32,1.55,1.2,1.35,132.58,161.42,19.32,25.87,16.82,15.21,9.74,8.89,7.87,9.13,24.11,30.08,6.61,9.18,25.42,35.26,2.53,2.39,12.87,12.95,0.55,0.76,4.47,4.76,135.97,141.5,39.21,39.5,29.82,32.24,15.66,16.55,9.92,9.87,2.29,2.26,28.63,25.18,16.34,17.89,15.26,36.0,0.46153846153846156,31.0,0.3974358974358974,20.0,0.2564102564102564,26.0,0.3333333333333333,58.0,0.7435897435897436,55.0,0.7051282051282052,23.0,0.2948717948717949,67.0,0.8589743589743589,53.0,0.6794871794871795,41.0,0.5256410256410257,25.0,0.32051282051282054,6.0,0.07692307692307693,45.0,0.5769230769230769,19.0,0.24358974358974358,55.0,0.7051282051282052
7,Valladolid,La_Liga,0.89,1.5,9.45,12.29,2.89,4.08,0.98,1.36,0.82,1.22,122.97,160.76,15.5,23.29,13.08,17.79,7.05,10.95,6.61,8.92,22.21,29.61,5.53,8.87,23.21,33.92,2.03,2.55,12.63,13.53,0.5,1.03,3.71,5.11,153.66,128.97,42.74,37.29,31.26,29.18,15.97,15.37,9.89,9.89,1.76,1.92,26.24,25.11,18.55,23.03,13.53,71.0,0.9102564102564102,66.0,0.8461538461538461,38.0,0.48717948717948717,33.0,0.4230769230769231,72.0,0.9230769230769231,63.0,0.8076923076923077,26.0,0.3333333333333333,72.0,0.9230769230769231,64.0,0.8205128205128205,67.0,0.8589743589743589,67.0,0.8589743589743589,26.0,0.3333333333333333,24.0,0.3076923076923077,62.0,0.7948717948717948,46.0,0.5897435897435898
8,Arsenal,EPL,1.39,0.92,11.97,11.03,3.71,3.37,1.41,1.17,1.29,1.11,175.32,151.11,25.76,20.95,15.0,13.58,7.97,8.61,8.5,7.95,34.68,28.13,8.95,7.11,35.26,24.79,1.89,1.87,13.66,11.68,1.16,0.61,5.42,4.37,123.29,140.55,35.03,37.61,33.92,35.63,13.42,15.92,8.29,9.71,1.95,2.0,22.29,25.97,13.55,15.95,9.11,28.0,0.358974358974359,31.0,0.3974358974358974,51.0,0.6538461538461539,46.0,0.5897435897435898,26.0,0.3333333333333333,15.0,0.19230769230769232,10.0,0.1282051282051282,27.0,0.34615384615384615,15.0,0.19230769230769232,18.0,0.23076923076923078,43.0,0.5512820512820513,78.0,1.0,68.0,0.8717948717948718,45.0,0.5769230769230769,32.0,0.41025641025641024
9,Manchester Utd,EPL,1.84,1.11,13.61,11.18,5.18,3.55,1.58,1.11,1.37,1.03,207.66,140.21,27.45,19.89,19.29,14.55,11.16,8.87,10.58,8.16,35.89,24.61,10.45,6.68,39.53,27.97,1.71,1.71,11.68,10.79,1.37,0.66,5.18,4.26,132.66,159.58,39.21,43.97,35.26,36.71,15.53,19.47,9.76,11.82,2.11,2.5,27.5,34.0,14.55,11.37,11.95,22.0,0.28205128205128205,19.0,0.24358974358974358,61.0,0.782051282051282,42.0,0.5384615384615384,11.0,0.14102564102564102,7.0,0.08974358974358974,40.0,0.5128205128205128,13.0,0.16666666666666666,7.0,0.08974358974358974,25.0,0.32051282051282054,9.0,0.11538461538461539,50.0,0.6410256410256411,59.0,0.7564102564102564,30.0,0.38461538461538464,23.0,0.2948717948717949
10,Bologna,Serie_A,1.29,1.66,13.05,13.97,4.63,4.92,1.41,1.7,1.33,1.54,155.92,170.39,22.89,27.26,17.08,13.68,9.82,8.74,9.58,10.55,29.11,29.32,7.34,10.24,34.71,34.76,1.58,2.11,10.89,11.42,0.97,0.97,5.29,5.79,143.34,137.74,40.68,40.37,33.37,29.84,15.03,17.61,8.61,10.68,1.89,2.03,26.68,28.87,16.74,16.21,14.24,26.0,0.3333333333333333,23.0,0.2948717948717949,9.0,0.11538461538461539,15.0,0.19230769230769232,43.0,0.5512820512820513,24.0,0.3076923076923077,56.0,0.717948717948718,29.0,0.3717948717948718,31.0,0.3974358974358974,22.0,0.28205128205128205,21.0,0.2692307692307692,10.0,0.1282051282051282,40.0,0.5128205128205128,51.0,0.6538461538461539,40.0,0.5128205128205128
11,Sheffield Utd,EPL,0.5,1.58,8.45,14.21,2.42,5.39,0.83,1.63,0.75,1.55,157.45,181.08,18.5,26.61,13.39,18.76,7.84,11.32,6.5,10.66,25.24,32.5,7.05,9.58,26.05,35.39,1.68,1.79,11.53,11.58,0.71,1.13,4.47,6.39,160.82,114.42,39.97,35.16,37.08,25.89,17.61,15.03,9.71,9.53,1.87,1.55,29.11,23.29,20.11,22.32,12.08,76.0,0.9743589743589743,76.0,0.9743589743589743,8.0,0.10256410256410256,9.0,0.11538461538461539,46.0,0.5897435897435898,42.0,0.5384615384615384,44.0,0.5641025641025641,63.0,0.8076923076923077,30.0,0.38461538461538464,41.0,0.5256410256410257,66.0,0.8461538461538461,49.0,0.6282051282051282,12.0,0.15384615384615385,53.0,0.6794871794871795,11.0,0.14102564102564102
12,Arminia,Bundesliga,0.68,1.5,9.68,12.94,2.94,4.88,0.9,1.64,0.86,1.51,109.47,166.82,16.94,26.21,13.71,17.29,7.94,11.26,6.59,10.21,21.41,36.26,5.62,10.18,24.06,43.79,1.32,2.32,8.53,13.76,0.41,0.71,3.44,5.41,169.62,134.03,48.65,43.03,34.41,34.62,18.53,16.09,11.59,9.62,1.91,1.82,27.44,25.74,24.47,23.53,11.56,68.0,0.8717948717948718,64.0,0.8205128205128205,10.0,0.1282051282051282,27.0,0.34615384615384615,71.0,0.9102564102564102,69.0,0.8846153846153846,76.0,0.9743589743589743,71.0,0.9102564102564102,72.0,0.9230769230769231,73.0,0.9358974358974359,61.0,0.782051282051282,57.0,0.7307692307692307,4.0,0.05128205128205128,49.0,0.6282051282051282,26.0,0.3333333333333333
13,Barcelona,La_Liga,2.11,0.95,15.08,8.45,6.0,3.24,2.08,1.04,1.91,0.94,276.55,110.47,36.21,17.39,20.68,13.34,13.26,7.66,11.66,5.97,50.11,20.66,14.5,6.21,47.24,24.47,1.5,1.47,10.82,9.18,2.39,0.47,5.71,3.68,133.55,174.71,40.68,41.03,35.29,34.29,14.42,16.66,9.24,10.55,2.16,1.63,23.74,30.55,11.0,8.42,9.5,2.0,0.02564102564102564,8.0,0.10256410256410256,66.0,0.8461538461538461,74.0,0.9487179487179487,2.0,0.02564102564102564,1.0,0.01282051282051282,57.0,0.7307692307692307,4.0,0.05128205128205128,1.0,0.01282051282051282,12.0,0.15384615384615385,6.0,0.07692307692307693,76.0,0.9743589743589743,77.0,0.9871794871794872,27.0,0.34615384615384615,22.0,0.28205128205128205
14,Hertha BSC,Bundesliga,1.18,1.5,11.21,12.44,4.21,3.94,1.24,1.38,1.11,1.2,131.09,163.32,21.74,22.35,16.56,15.41,9.79,9.38,8.06,9.18,24.91,30.47,6.82,8.76,30.79,36.53,2.12,2.09,11.65,11.79,0.59,1.18,4.47,4.68,159.0,151.79,46.44,46.74,33.85,33.09,17.18,18.94,10.35,11.5,1.82,2.18,29.03,29.44,16.94,17.09,13.88,43.0,0.5512820512820513,42.0,0.5384615384615384,39.0,0.5,30.0,0.38461538461538464,53.0,0.6794871794871795,53.0,0.6794871794871795,41.0,0.5256410256410257,41.0,0.5256410256410257,54.0,0.6923076923076923,41.0,0.5256410256410257,28.0,0.358974358974359,17.0,0.21794871794871795,39.0,0.5,58.0,0.7435897435897436,33.0,0.4230769230769231
15,Villarreal,La_Liga,1.5,1.11,10.37,10.68,3.92,3.21,1.53,1.15,1.27,0.97,154.87,144.11,23.87,19.63,18.87,15.26,12.0,9.74,8.24,7.42,32.26,26.29,9.95,7.39,36.11,26.34,2.37,2.71,12.26,15.08,1.34,0.42,4.21,3.87,131.42,165.5,37.5,43.71,31.08,41.61,14.89,16.66,8.95,10.53,1.87,2.5,24.21,27.03,14.13,14.03,11.84,31.0,0.3974358974358974,56.0,0.717948717948718,64.0,0.8205128205128205,53.0,0.6794871794871795,17.0,0.21794871794871795,8.0,0.10256410256410256,36.0,0.46153846153846156,25.0,0.32051282051282054,33.0,0.4230769230769231,54.0,0.6923076923076923,11.0,0.14102564102564102,51.0,0.6538461538461539,65.0,0.8333333333333334,53.0,0.6794871794871795,48.0,0.6153846153846154
16,Athletic Club,La_Liga,1.13,1.08,10.63,9.79,3.5,2.82,1.17,0.95,1.07,0.84,149.68,147.53,20.16,19.76,13.92,14.53,8.29,9.61,7.95,7.18,29.21,26.42,7.84,7.84,33.92,29.08,2.03,2.11,14.29,13.18,0.92,0.55,5.21,4.13,138.16,131.47,38.18,38.21,36.21,25.45,13.76,15.16,9.03,8.92,1.61,1.26,22.92,27.11,18.97,16.66,12.87,47.0,0.6025641025641025,50.0,0.6410256410256411,71.0,0.9102564102564102,63.0,0.8076923076923077,38.0,0.48717948717948717,30.0,0.38461538461538464,7.0,0.08974358974358974,31.0,0.3974358974358974,37.0,0.47435897435897434,24.0,0.3076923076923077,56.0,0.717948717948718,41.0,0.5256410256410257,21.0,0.2692307692307692,71.0,0.9102564102564102,13.0,0.16666666666666666
17,Crotone,Serie_A,1.16,2.37,9.32,15.5,2.92,5.58,1.01,1.88,0.84,1.79,112.71,181.08,17.05,28.74,15.84,14.08,9.37,8.29,6.95,11.66,21.37,32.37,6.29,9.71,28.26,38.0,1.71,2.08,9.74,12.58,0.29,0.97,3.63,6.0,138.18,148.89,38.89,46.97,26.95,40.89,15.84,17.5,9.82,10.79,1.95,2.82,25.24,27.66,13.24,15.13,14.03,70.0,0.8974358974358975,68.0,0.8717948717948718,2.0,0.02564102564102564,3.0,0.038461538461538464,62.0,0.7948717948717948,76.0,0.9743589743589743,69.0,0.8846153846153846,53.0,0.6794871794871795,71.0,0.9102564102564102,69.0,0.8846153846153846,35.0,0.44871794871794873,13.0,0.16666666666666666,71.0,0.9102564102564102,45.0,0.5769230769230769,71.0,0.9102564102564102
18,M'Gladbach,Bundesliga,1.85,1.65,12.97,13.29,4.79,4.21,1.63,1.31,1.39,1.18,143.47,145.44,24.65,24.03,14.74,17.65,9.35,10.38,9.5,9.79,28.24,26.91,7.91,7.88,37.03,33.71,1.76,2.26,9.88,11.97,1.15,0.68,5.15,4.12,141.44,157.65,42.06,50.18,33.94,35.47,16.47,16.74,10.18,10.15,2.0,1.97,29.85,30.0,17.15,16.24,11.79,17.0,0.21794871794871795,24.0,0.3076923076923077,42.0,0.5384615384615384,22.0,0.28205128205128205,37.0,0.47435897435897434,16.0,0.20512820512820512,68.0,0.8717948717948718,23.0,0.2948717948717949,44.0,0.5641025641025641,31.0,0.3974358974358974,45.0,0.5769230769230769,52.0,0.6666666666666666,37.0,0.47435897435897434,38.0,0.48717948717948717,31.0,0.3974358974358974
19,Southampton,EPL,1.24,1.76,10.97,11.08,4.13,4.45,1.12,1.43,1.0,1.25,138.76,153.34,20.87,24.61,16.61,19.71,9.66,10.95,7.58,8.26,23.39,27.66,7.21,8.13,28.61,32.16,1.08,2.03,8.29,12.03,1.05,1.0,4.66,5.16,150.39,155.11,46.89,45.24,32.82,38.03,20.63,18.11,11.97,11.58,2.24,2.58,32.08,29.58,14.66,19.05,11.21,51.0,0.6538461538461539,46.0,0.5897435897435898,34.0,0.4358974358974359,44.0,0.5641025641025641,45.0,0.5769230769230769,21.0,0.2692307692307692,77.0,0.9871794871794872,52.0,0.6666666666666666,48.0,0.6153846153846154,36.0,0.46153846153846156,27.0,0.34615384615384615,63.0,0.8076923076923077,57.0,0.7307692307692307,23.0,0.2948717948717949,42.0,0.5384615384615384
20,Tottenham,EPL,1.74,1.11,11.63,12.55,4.37,3.79,1.44,1.3,1.34,1.1,139.89,172.58,20.26,27.0,17.71,18.18,10.74,10.53,8.08,9.87,28.45,30.47,7.34,9.87,31.08,33.95,1.58,2.47,8.74,13.03,1.18,0.66,4.42,5.29,154.47,143.97,43.24,43.89,31.13,32.05,18.21,18.53,11.13,12.08,2.21,2.26,27.95,30.58,17.84,17.63,11.58,24.0,0.3076923076923077,36.0,0.46153846153846156,53.0,0.6794871794871795,28.0,0.358974358974359,43.0,0.5512820512820513,13.0,0.16666666666666666,75.0,0.9615384615384616,40.0,0.5128205128205128,46.0,0.5897435897435898,46.0,0.5897435897435898,17.0,0.21794871794871795,56.0,0.717948717948718,30.0,0.38461538461538464,24.0,0.3076923076923077,47.0,0.6025641025641025
21,Fiorentina,Serie_A,1.16,1.5,9.66,11.74,3.11,3.63,1.19,1.45,1.07,1.23,148.84,151.11,19.37,22.08,14.18,14.68,8.39,8.13,6.87,8.84,27.87,29.45,6.92,8.05,29.39,32.97,2.71,1.95,12.34,13.03,0.47,1.18,4.42,4.45,136.34,133.34,38.79,39.18,29.39,24.39,15.21,19.16,9.53,11.76,1.92,1.95,24.89,27.82,15.05,16.03,13.89,47.0,0.6025641025641025,65.0,0.8333333333333334,36.0,0.46153846153846156,39.0,0.5,50.0,0.6410256410256411,65.0,0.8333333333333334,33.0,0.4230769230769231,46.0,0.5897435897435898,39.0,0.5,46.0,0.5897435897435898,53.0,0.6794871794871795,16.0,0.20512820512820512,54.0,0.6923076923076923,48.0,0.6153846153846154,59.0,0.7564102564102564
22,Crystal Palace,EPL,1.03,1.74,9.11,14.05,3.39,4.55,0.86,1.52,0.78,1.43,124.61,193.37,18.58,27.16,16.76,17.03,9.82,9.58,6.53,10.21,20.55,39.32,6.42,11.24,25.66,38.5,1.55,3.24,9.08,12.92,0.39,0.97,3.97,6.0,150.05,150.39,39.5,45.45,26.58,36.05,18.26,19.68,10.18,10.79,2.05,2.89,30.34,30.45,19.29,19.11,10.79,74.0,0.9487179487179487,71.0,0.9102564102564102,15.0,0.19230769230769232,13.0,0.16666666666666666,61.0,0.782051282051282,70.0,0.8974358974358975,74.0,0.9487179487179487,65.0,0.8333333333333334,61.0,0.782051282051282,59.0,0.7564102564102564,26.0,0.3333333333333333,66.0,0.8461538461538461,19.0,0.24358974358974358,34.0,0.4358974358974359,72.0,0.9230769230769231
23,Wolfsburg,Bundesliga,1.68,1.06,13.97,10.47,4.76,3.38,1.46,1.24,1.39,1.12,155.65,137.35,23.79,22.44,13.59,18.41,8.29,10.41,10.15,7.5,29.21,24.94,8.74,7.68,37.82,32.44,2.29,2.0,12.59,11.03,0.74,0.97,5.18,5.26,171.44,149.88,57.03,46.82,44.26,30.97,20.88,16.94,12.65,10.41,2.29,2.06,34.44,29.56,18.74,18.26,13.0,17.0,0.21794871794871795,15.0,0.19230769230769232,50.0,0.6410256410256411,56.0,0.717948717948718,29.0,0.3717948717948718,39.0,0.5,27.0,0.34615384615384615,18.0,0.23076923076923078,32.0,0.41025641025641024,25.0,0.32051282051282054,62.0,0.7948717948717948,37.0,0.47435897435897434,22.0,0.28205128205128205,19.0,0.24358974358974358,4.0,0.05128205128205128
24,Benevento,Serie_A,1.05,1.82,10.82,13.18,3.42,4.61,1.09,1.74,0.95,1.64,115.95,180.16,20.42,26.03,10.68,16.11,6.03,9.89,7.68,9.11,19.84,35.82,7.74,10.21,26.87,39.79,2.21,2.29,10.76,14.29,0.84,0.71,4.45,6.03,132.29,121.76,37.97,35.53,24.66,29.5,15.66,13.18,9.55,8.16,1.71,1.76,26.53,21.76,14.45,16.92,13.24,59.0,0.7564102564102564,47.0,0.6025641025641025,3.0,0.038461538461538464,25.0,0.32051282051282054,40.0,0.5128205128205128,31.0,0.3974358974358974,58.0,0.7435897435897436,60.0,0.7692307692307693,70.0,0.8974358974358975,45.0,0.5769230769230769,77.0,0.9871794871794872,30.0,0.38461538461538464,61.0,0.782051282051282,63.0,0.8076923076923077,75.0,0.9615384615384616
25,Real Madrid,La_Liga,1.68,0.71,14.55,9.16,4.37,2.92,1.62,0.96,1.57,0.8,215.03,132.18,30.0,17.16,18.95,14.5,12.11,9.03,11.5,6.79,41.39,25.66,11.58,6.84,40.03,25.45,2.5,2.24,15.18,10.11,1.24,0.55,5.92,4.0,128.42,154.42,37.5,38.71,30.08,36.87,15.05,15.26,9.29,10.13,2.0,1.89,25.74,25.21,12.11,10.74,10.82,12.0,0.15384615384615385,9.0,0.11538461538461539,74.0,0.9487179487179487,68.0,0.8717948717948718,8.0,0.10256410256410256,10.0,0.1282051282051282,3.0,0.038461538461538464,12.0,0.15384615384615385,6.0,0.07692307692307693,7.0,0.08974358974358974,10.0,0.1282051282051282,65.0,0.8333333333333334,75.0,0.9615384615384616,38.0,0.48717948717948717,52.0,0.6666666666666666
26,Stuttgart,Bundesliga,1.59,1.59,13.24,13.41,4.5,4.82,1.56,1.57,1.39,1.41,150.47,155.91,24.68,27.38,21.5,16.32,13.35,9.47,10.06,9.68,28.97,27.68,8.85,10.03,37.38,34.53,2.15,2.65,11.24,12.88,0.71,0.68,4.56,4.76,137.26,170.88,42.41,53.85,35.44,38.94,16.74,21.26,10.29,13.71,2.21,3.26,27.97,34.62,17.59,14.76,12.62,17.0,0.21794871794871795,21.0,0.2692307692307692,17.0,0.21794871794871795,20.0,0.2564102564102564,28.0,0.358974358974359,42.0,0.5384615384615384,51.0,0.6538461538461539,21.0,0.2692307692307692,36.0,0.46153846153846156,38.0,0.48717948717948717,4.0,0.05128205128205128,44.0,0.5641025641025641,32.0,0.41025641025641024,24.0,0.3076923076923077,20.0,0.2564102564102564
27,Leeds United,EPL,1.58,1.37,13.79,14.45,5.16,4.97,1.51,1.66,1.43,1.47,160.37,151.11,25.92,25.5,14.68,20.95,8.45,12.79,10.26,10.68,29.24,22.03,9.79,7.47,37.08,28.18,2.29,1.03,13.66,8.61,1.26,1.13,6.0,5.55,175.21,133.24,51.87,41.79,37.71,36.55,21.74,16.21,12.97,9.82,2.39,2.63,34.29,29.84,15.47,16.11,11.42,16.0,0.20512820512820512,16.0,0.20512820512820512,11.0,0.14102564102564102,8.0,0.10256410256410256,20.0,0.2564102564102564,9.0,0.11538461538461539,10.0,0.1282051282051282,22.0,0.28205128205128205,28.0,0.358974358974359,5.0,0.0641025641025641,47.0,0.6025641025641025,60.0,0.7692307692307693,51.0,0.6538461538461539,12.0,0.15384615384615385,9.0,0.11538461538461539
28,West Brom,EPL,0.87,1.92,8.84,15.55,2.82,6.18,0.89,1.78,0.81,1.56,118.71,209.79,17.18,30.45,14.05,17.11,7.74,10.32,6.05,11.68,20.84,37.66,5.37,10.55,23.0,40.74,1.92,2.08,10.63,13.53,0.63,1.03,3.79,7.0,144.5,118.42,40.24,38.74,29.05,27.82,17.42,16.89,10.45,10.68,1.87,2.34,29.16,25.63,19.5,21.16,10.68,73.0,0.9358974358974359,75.0,0.9615384615384616,6.0,0.07692307692307693,2.0,0.02564102564102564,74.0,0.9487179487179487,50.0,0.6410256410256411,62.0,0.7948717948717948,73.0,0.9358974358974359,67.0,0.8589743589743589,64.0,0.8205128205128205,55.0,0.7051282051282052,68.0,0.8717948717948718,18.0,0.23076923076923078,53.0,0.6794871794871795,60.0,0.7692307692307693
29,Werder Bremen,Bundesliga,1.03,1.59,10.65,13.35,3.5,4.41,0.99,1.5,0.88,1.36,116.91,187.09,16.71,25.29,12.79,16.82,6.94,10.26,7.24,9.91,23.68,35.53,6.0,9.44,28.71,39.15,2.26,2.94,9.32,14.35,0.38,0.71,3.41,5.0,163.12,127.41,46.68,42.41,34.06,33.59,17.82,15.74,10.97,9.24,2.32,2.29,31.82,27.97,19.71,21.18,11.79,66.0,0.8461538461538461,49.0,0.6282051282051282,19.0,0.24358974358974358,21.0,0.2692307692307692,67.0,0.8589743589743589,72.0,0.9230769230769231,71.0,0.9102564102564102,51.0,0.6538461538461539,69.0,0.8846153846153846,74.0,0.9487179487179487,69.0,0.8846153846153846,52.0,0.6666666666666666,17.0,0.21794871794871795,17.0,0.21794871794871795,30.0,0.38461538461538464
30,Genoa,Serie_A,1.21,1.47,9.05,14.16,3.21,4.76,0.99,1.44,0.92,1.3,121.18,179.71,16.29,25.68,13.79,15.45,7.29,9.13,6.61,10.47,23.26,34.92,6.03,9.97,26.16,42.21,1.71,2.24,9.21,13.61,0.63,0.74,3.39,5.63,155.39,132.95,40.84,41.53,31.55,33.84,16.89,16.13,10.34,10.95,2.11,2.05,29.37,25.42,14.21,19.11,13.74,64.0,0.8205128205128205,72.0,0.9230769230769231,27.0,0.34615384615384615,10.0,0.1282051282051282,65.0,0.8333333333333334,50.0,0.6410256410256411,72.0,0.9230769230769231,62.0,0.7948717948717948,66.0,0.8461538461538461,75.0,0.9615384615384616,60.0,0.7692307692307693,20.0,0.2564102564102564,63.0,0.8076923076923077,30.0,0.38461538461538464,45.0,0.5769230769230769
31,Spezia,Serie_A,1.37,1.89,10.03,11.03,3.42,4.45,1.23,1.82,1.13,1.62,138.47,119.18,21.47,23.39,11.87,14.97,7.39,8.71,6.97,8.29,26.82,23.66,6.66,7.45,28.89,30.76,1.37,2.08,11.13,11.26,0.74,1.08,3.92,3.63,136.26,145.95,40.84,41.24,32.92,32.84,15.97,14.03,10.13,8.37,2.11,1.61,27.5,25.61,14.16,16.16,15.53,41.0,0.5256410256410257,59.0,0.7564102564102564,4.0,0.05128205128205128,46.0,0.5897435897435898,55.0,0.7051282051282052,39.0,0.5,53.0,0.6794871794871795,49.0,0.6282051282051282,49.0,0.6282051282051282,61.0,0.782051282051282,74.0,0.9487179487179487,4.0,0.05128205128205128,64.0,0.8205128205128205,30.0,0.38461538461538464,41.0,0.5256410256410257
32,Elche,La_Liga,0.87,1.42,7.0,12.42,2.29,4.11,0.8,1.54,0.74,1.35,98.18,164.92,11.79,24.68,17.26,16.03,9.97,10.11,4.97,9.74,20.66,33.26,4.05,9.84,20.66,37.58,2.0,2.32,10.92,13.08,0.24,1.29,3.61,4.34,136.0,147.03,38.29,45.11,22.95,40.71,15.74,17.42,10.37,10.76,1.03,2.61,25.95,27.18,13.71,15.47,13.97,77.0,0.9871794871794872,78.0,1.0,20.0,0.2564102564102564,31.0,0.3974358974358974,78.0,1.0,77.0,0.9871794871794872,55.0,0.7051282051282052,76.0,0.9743589743589743,77.0,0.9871794871794872,71.0,0.9102564102564102,20.0,0.2564102564102564,15.0,0.19230769230769232,67.0,0.8589743589743589,78.0,1.0,77.0,0.9871794871794872
33,Lazio,Serie_A,1.55,1.39,13.66,10.18,4.58,3.76,1.57,1.26,1.38,1.06,173.05,139.63,25.97,19.82,14.37,18.24,8.42,11.34,10.24,7.66,37.55,26.34,11.03,6.87,38.63,31.42,2.89,1.55,12.26,10.24,1.08,0.42,4.97,4.47,148.92,145.66,46.21,43.5,33.5,34.5,17.24,15.76,10.39,10.42,2.13,2.32,28.39,27.16,15.34,14.0,13.24,21.0,0.2692307692307692,17.0,0.21794871794871795,57.0,0.7307692307692307,58.0,0.7435897435897436,10.0,0.1282051282051282,19.0,0.24358974358974358,36.0,0.46153846153846156,17.0,0.21794871794871795,16.0,0.20512820512820512,33.0,0.4230769230769231,50.0,0.6410256410256411,30.0,0.38461538461538464,52.0,0.6666666666666666,29.0,0.3717948717948718,37.0,0.47435897435897434
34,Getafe,La_Liga,0.71,1.05,9.29,8.24,2.66,2.76,0.86,1.06,0.76,0.9,148.5,120.84,18.89,14.74,12.0,14.63,6.53,8.76,6.58,5.87,22.84,24.97,6.26,5.71,24.74,26.76,2.55,1.58,14.13,9.55,0.16,0.71,3.76,3.82,160.13,118.34,44.45,38.82,37.58,19.05,16.24,15.97,10.08,9.55,2.05,1.29,27.29,25.21,23.26,26.26,16.68,75.0,0.9615384615384616,69.0,0.8846153846153846,67.0,0.8589743589743589,76.0,0.9743589743589743,63.0,0.8076923076923077,78.0,1.0,8.0,0.10256410256410256,70.0,0.8974358974358975,40.0,0.5128205128205128,65.0,0.8333333333333334,73.0,0.9358974358974359,1.0,0.01282051282051282,6.0,0.07692307692307693,34.0,0.4358974358974359,10.0,0.1282051282051282
35,Union Berlin,Bundesliga,1.47,1.21,11.41,10.68,3.94,3.76,1.35,1.21,1.19,1.1,124.76,146.15,18.03,19.06,10.53,14.79,5.88,8.53,8.32,7.94,23.56,30.53,6.03,7.0,29.24,37.82,2.5,1.71,11.5,9.62,0.65,0.71,4.15,4.15,145.94,138.88,46.47,42.74,28.15,34.59,17.21,14.82,10.26,9.15,1.68,2.44,29.91,25.91,20.06,22.09,12.79,38.0,0.48717948717948717,39.0,0.5,53.0,0.6794871794871795,53.0,0.6794871794871795,65.0,0.8333333333333334,48.0,0.6153846153846154,45.0,0.5769230769230769,47.0,0.6025641025641025,60.0,0.7692307692307693,56.0,0.717948717948718,78.0,1.0,42.0,0.5384615384615384,14.0,0.1794871794871795,67.0,0.8589743589743589,64.0,0.8205128205128205
36,West Ham,EPL,1.58,1.13,12.16,12.05,4.16,3.76,1.42,1.27,1.34,1.17,144.74,181.76,21.79,24.55,14.37,16.21,8.55,10.47,8.71,9.18,24.84,35.71,6.95,10.0,25.45,38.34,2.71,2.37,13.16,13.66,0.55,1.16,4.39,4.79,131.34,130.37,35.32,39.32,25.61,28.82,14.71,15.21,9.11,8.76,1.42,1.79,25.92,25.53,20.21,18.39,9.97,24.0,0.3076923076923077,29.0,0.3717948717948718,45.0,0.5769230769230769,37.0,0.47435897435897434,49.0,0.6282051282051282,55.0,0.7051282051282052,18.0,0.23076923076923078,66.0,0.8461538461538461,43.0,0.5512820512820513,48.0,0.6153846153846154,50.0,0.6410256410256411,74.0,0.9487179487179487,11.0,0.14102564102564102,76.0,0.9743589743589743,74.0,0.9487179487179487
37,Liverpool,EPL,1.71,1.11,15.79,8.53,5.29,3.61,1.91,1.19,1.79,1.04,234.45,106.92,36.11,16.92,18.53,14.87,11.08,8.84,11.68,6.37,45.84,20.42,14.53,5.82,50.39,22.03,2.58,1.74,15.03,9.24,1.71,1.66,6.71,3.21,142.08,158.74,44.95,43.84,45.45,28.55,14.74,18.21,9.42,10.76,2.79,1.53,24.84,31.61,14.92,16.34,10.5,5.0,0.0641025641025641,4.0,0.05128205128205128,60.0,0.7692307692307693,73.0,0.9358974358974359,1.0,0.01282051282051282,3.0,0.038461538461538464,4.0,0.05128205128205128,3.0,0.038461538461538464,3.0,0.038461538461538464,2.0,0.02564102564102564,13.0,0.16666666666666666,69.0,0.8846153846153846,55.0,0.7051282051282052,4.0,0.05128205128205128,1.0,0.01282051282051282
38,Aston Villa,EPL,1.37,1.18,13.66,14.11,4.71,4.66,1.39,1.39,1.28,1.27,162.95,163.26,27.92,27.55,16.03,14.68,10.39,8.79,10.5,10.11,28.39,26.66,9.26,9.82,32.53,33.66,2.08,2.5,13.92,14.55,0.47,0.55,5.58,5.03,143.32,147.95,38.76,40.97,33.71,32.95,15.53,16.08,9.42,9.76,2.32,2.34,25.45,26.34,20.58,19.34,11.66,30.0,0.38461538461538464,17.0,0.21794871794871795,31.0,0.3974358974358974,11.0,0.14102564102564102,24.0,0.3076923076923077,65.0,0.8333333333333334,9.0,0.11538461538461539,36.0,0.46153846153846156,25.0,0.32051282051282054,14.0,0.1794871794871795,33.0,0.4230769230769231,55.0,0.7051282051282052,10.0,0.1282051282051282,17.0,0.21794871794871795,36.0,0.46153846153846156
39,Wolves,EPL,0.89,1.29,12.16,11.47,3.92,3.79,1.05,1.21,0.97,1.05,148.29,167.97,19.97,24.45,20.55,16.34,13.08,9.45,9.11,8.45,27.13,30.95,5.68,8.63,27.18,34.26,2.11,2.16,13.18,13.42,0.84,1.21,5.47,4.87,136.89,141.21,41.0,39.24,23.76,30.45,16.26,16.66,10.47,9.71,1.66,1.58,26.37,26.5,16.32,15.66,11.24,54.0,0.6923076923076923,29.0,0.3717948717948718,58.0,0.7435897435897436,41.0,0.5256410256410257,69.0,0.8846153846153846,31.0,0.3974358974358974,17.0,0.21794871794871795,58.0,0.7435897435897436,42.0,0.5384615384615384,16.0,0.20512820512820512,7.0,0.08974358974358974,62.0,0.7948717948717948,47.0,0.6025641025641025,69.0,0.8846153846153846,76.0,0.9743589743589743
40,Alavés,La_Liga,0.92,1.5,8.87,10.55,2.61,3.76,1.12,1.34,0.96,1.28,103.61,157.47,16.84,20.74,12.55,14.5,7.21,8.92,6.45,7.61,19.5,30.18,5.05,8.32,22.32,32.58,1.97,2.11,10.76,12.03,0.66,1.11,3.74,5.26,143.34,116.42,39.74,37.87,30.37,25.32,15.13,13.79,9.37,8.74,1.68,1.84,26.5,23.08,24.24,18.13,13.71,56.0,0.717948717948718,74.0,0.9487179487179487,29.0,0.3717948717948718,55.0,0.7051282051282052,75.0,0.9615384615384616,47.0,0.6025641025641025,58.0,0.7435897435897436,75.0,0.9615384615384616,76.0,0.9743589743589743,66.0,0.8461538461538461,70.0,0.8974358974358975,21.0,0.2692307692307692,5.0,0.0641025641025641,67.0,0.8589743589743589,50.0,0.6410256410256411
41,Sampdoria,Serie_A,1.37,1.39,11.11,13.5,3.61,4.37,1.22,1.5,1.1,1.32,143.08,169.5,20.42,26.11,12.37,15.76,7.13,10.16,7.84,9.61,24.95,31.74,7.03,9.87,31.47,37.11,1.82,2.82,13.29,13.66,0.53,0.58,5.18,5.26,162.29,125.79,46.42,40.24,38.84,29.29,16.74,13.95,10.45,8.32,1.79,2.21,27.47,25.21,17.34,18.32,13.47,44.0,0.5641025641025641,43.0,0.5512820512820513,25.0,0.32051282051282054,19.0,0.24358974358974358,47.0,0.6025641025641025,58.0,0.7435897435897436,15.0,0.19230769230769232,38.0,0.48717948717948717,45.0,0.5769230769230769,25.0,0.32051282051282054,71.0,0.9102564102564102,27.0,0.34615384615384615,34.0,0.4358974358974359,59.0,0.7564102564102564,7.0,0.08974358974358974
42,Atalanta,Serie_A,2.34,1.21,16.16,8.45,5.92,2.87,2.03,1.11,1.89,0.95,221.92,107.18,34.32,15.39,18.74,14.45,11.11,8.53,12.47,5.84,39.63,22.61,13.66,5.47,50.63,26.68,2.29,1.18,11.37,7.39,0.95,0.76,5.29,3.18,149.24,164.55,48.11,50.76,40.13,27.76,17.68,20.87,11.18,13.53,2.79,1.61,30.87,34.61,18.37,14.82,15.39,3.0,0.038461538461538464,3.0,0.038461538461538464,65.0,0.8333333333333334,74.0,0.9487179487179487,4.0,0.05128205128205128,26.0,0.3333333333333333,48.0,0.6153846153846154,2.0,0.02564102564102564,5.0,0.0641025641025641,22.0,0.28205128205128205,12.0,0.15384615384615385,5.0,0.0641025641025641,27.0,0.34615384615384615,4.0,0.05128205128205128,5.0,0.0641025641025641
43,Burnley,EPL,0.84,1.42,10.05,14.84,3.29,4.71,1.04,1.52,0.98,1.46,134.39,179.66,19.68,28.5,11.08,14.55,6.58,8.45,7.0,11.42,23.18,29.47,7.45,10.89,24.82,35.95,2.21,2.34,11.61,14.66,0.53,1.08,4.53,6.24,122.5,119.05,33.74,35.95,32.42,24.71,14.79,12.79,8.42,7.42,2.21,1.34,25.29,20.61,25.0,23.66,10.13,53.0,0.6794871794871795,58.0,0.7435897435897436,12.0,0.15384615384615385,5.0,0.0641025641025641,42.0,0.5384615384615384,58.0,0.7435897435897436,42.0,0.5384615384615384,69.0,0.8846153846153846,51.0,0.6538461538461539,40.0,0.5128205128205128,76.0,0.9743589743589743,73.0,0.9358974358974359,2.0,0.02564102564102564,24.0,0.3076923076923077,43.0,0.5512820512820513
44,Levante,La_Liga,1.18,1.45,10.03,12.11,3.29,4.29,1.08,1.42,0.96,1.34,136.55,146.39,20.03,23.39,16.97,15.84,10.18,9.68,7.16,9.26,27.68,25.13,8.34,8.29,35.11,28.11,2.61,2.24,12.87,12.79,0.76,1.32,4.55,4.71,141.13,151.84,39.45,45.37,34.63,38.89,15.08,17.21,9.68,10.76,1.79,2.32,26.79,28.92,13.42,15.42,13.45,56.0,0.717948717948718,59.0,0.7564102564102564,23.0,0.2948717948717949,35.0,0.44871794871794873,32.0,0.41025641025641024,37.0,0.47435897435897434,23.0,0.2948717948717949,28.0,0.358974358974359,50.0,0.6410256410256411,39.0,0.5,22.0,0.28205128205128205,28.0,0.358974358974359,69.0,0.8846153846153846,59.0,0.7564102564102564,24.0,0.3076923076923077
45,Granada,La_Liga,1.21,1.68,9.37,12.39,3.21,4.21,1.04,1.41,0.94,1.18,107.89,157.84,16.05,22.92,13.82,13.45,8.08,7.87,5.68,9.32,20.71,30.61,4.95,8.58,22.5,32.76,1.55,2.21,10.03,13.79,0.53,0.97,3.37,4.84,132.29,120.68,35.74,37.42,28.05,26.89,14.92,15.39,9.84,10.21,1.71,1.58,25.61,24.0,19.29,23.79,14.11,62.0,0.7948717948717948,67.0,0.8589743589743589,42.0,0.5384615384615384,32.0,0.41025641025641024,76.0,0.9743589743589743,58.0,0.7435897435897436,67.0,0.8589743589743589,74.0,0.9487179487179487,73.0,0.9358974358974359,76.0,0.9743589743589743,57.0,0.7307692307692307,12.0,0.15384615384615385,19.0,0.24358974358974358,63.0,0.8076923076923077,65.0,0.8333333333333334
46,Mainz 05,Bundesliga,1.15,1.62,11.0,13.21,3.88,4.56,1.39,1.5,1.27,1.35,128.53,161.18,20.97,24.0,14.21,17.38,8.47,10.12,8.0,9.74,20.94,34.12,6.53,8.5,28.79,39.68,1.85,2.44,11.12,11.88,0.65,0.85,3.82,4.76,158.12,131.5,49.59,45.59,36.47,32.74,20.24,16.15,11.91,9.29,3.03,1.97,33.59,27.41,20.09,21.91,14.94,31.0,0.3974358974358974,44.0,0.5641025641025641,20.0,0.2564102564102564,23.0,0.2948717948717949,60.0,0.7692307692307693,48.0,0.6153846153846154,54.0,0.6923076923076923,50.0,0.6410256410256411,57.0,0.7307692307692307,63.0,0.8076923076923077,52.0,0.6666666666666666,8.0,0.10256410256410256,13.0,0.16666666666666666,3.0,0.038461538461538464,12.0,0.15384615384615385
47,Leicester City,EPL,1.68,1.26,12.42,9.71,4.53,3.53,1.47,1.26,1.23,1.18,163.34,141.66,22.05,19.24,16.55,16.61,9.21,9.84,9.13,7.18,30.63,27.11,8.0,7.16,32.82,27.61,1.68,1.84,10.26,10.47,1.21,1.18,5.58,4.74,135.32,143.03,42.87,43.26,29.76,32.58,19.32,17.79,11.71,10.87,2.66,2.24,30.71,30.87,16.24,16.45,10.84,33.0,0.4230769230769231,27.0,0.34615384615384615,42.0,0.5384615384615384,64.0,0.8205128205128205,35.0,0.44871794871794873,11.0,0.14102564102564102,66.0,0.8461538461538461,35.0,0.44871794871794873,23.0,0.2948717948717949,14.0,0.1794871794871795,29.0,0.3717948717948718,64.0,0.8205128205128205,48.0,0.6153846153846154,9.0,0.11538461538461539,56.0,0.717948717948718
48,Freiburg,Bundesliga,1.5,1.47,11.35,14.56,4.21,4.94,1.36,1.58,1.23,1.45,132.97,148.5,20.44,23.03,13.59,14.82,7.74,9.97,8.38,10.97,24.35,29.41,7.5,7.65,31.65,35.82,2.62,2.12,13.06,10.82,0.56,0.56,3.62,4.41,148.41,137.47,39.88,41.82,35.56,35.65,14.71,14.97,8.76,9.47,2.06,1.68,26.09,24.29,19.97,20.56,13.03,33.0,0.4230769230769231,40.0,0.5128205128205128,13.0,0.16666666666666666,6.0,0.07692307692307693,41.0,0.5256410256410257,54.0,0.6923076923076923,19.0,0.24358974358974358,37.0,0.47435897435897434,52.0,0.6666666666666666,70.0,0.8974358974358975,62.0,0.7948717948717948,35.0,0.44871794871794873,15.0,0.19230769230769232,33.0,0.4230769230769231,19.0,0.24358974358974358
49,RB Leipzig,Bundesliga,1.74,0.94,15.65,7.71,5.56,2.38,1.92,0.86,1.71,0.79,199.85,102.53,31.24,15.62,16.24,14.21,9.65,8.44,12.0,5.5,41.47,17.88,12.06,5.38,46.71,22.35,2.32,1.38,12.56,7.94,1.62,0.79,5.41,3.62,155.0,174.32,52.29,51.24,44.74,33.65,17.24,18.85,10.35,11.71,2.59,2.06,28.41,33.62,21.53,16.0,12.94,9.0,0.11538461538461539,5.0,0.0641025641025641,75.0,0.9615384615384616,77.0,0.9871794871794872,6.0,0.07692307692307693,4.0,0.05128205128205128,30.0,0.38461538461538464,5.0,0.0641025641025641,10.0,0.1282051282051282,20.0,0.2564102564102564,32.0,0.41025641025641024,39.0,0.5,9.0,0.11538461538461539,10.0,0.1282051282051282,3.0,0.038461538461538464
50,Sevilla,La_Liga,1.37,0.82,11.89,9.05,3.58,3.0,1.34,0.92,1.2,0.81,170.79,122.0,22.71,17.61,15.76,14.39,10.58,8.42,9.79,6.29,34.74,21.84,9.42,5.58,34.18,23.89,3.18,1.47,14.61,11.18,0.79,0.32,4.39,4.11,124.11,147.16,38.87,35.55,29.61,34.63,15.03,15.34,10.24,9.34,2.0,1.89,23.82,25.42,17.74,15.16,13.03,36.0,0.46153846153846156,33.0,0.4230769230769231,73.0,0.9358974358974359,70.0,0.8974358974358975,22.0,0.28205128205128205,36.0,0.46153846153846156,6.0,0.07692307692307693,30.0,0.38461538461538464,18.0,0.23076923076923078,48.0,0.6153846153846154,36.0,0.46153846153846156,35.0,0.44871794871794873,31.0,0.3974358974358974,38.0,0.48717948717948717,58.0,0.7435897435897436
51,Dortmund,Bundesliga,2.18,1.32,14.38,11.0,5.35,3.85,2.02,1.19,1.85,1.05,205.03,125.91,33.09,18.29,21.88,15.47,13.5,8.47,11.0,8.0,38.03,23.0,12.41,6.71,44.94,29.44,1.82,1.82,11.76,8.44,1.74,0.47,5.09,3.76,140.76,172.15,47.44,47.85,36.12,39.91,17.47,18.47,12.09,11.29,3.06,1.88,29.24,33.18,14.29,12.03,10.74,4.0,0.05128205128205128,11.0,0.14102564102564102,58.0,0.7435897435897436,49.0,0.6282051282051282,5.0,0.0641025641025641,2.0,0.02564102564102564,39.0,0.5,6.0,0.07692307692307693,9.0,0.11538461538461539,32.0,0.41025641025641024,2.0,0.02564102564102564,67.0,0.8589743589743589,62.0,0.7948717948717948,2.0,0.02564102564102564,14.0,0.1794871794871795
52,Newcastle Utd,EPL,1.16,1.55,10.18,15.03,3.42,4.71,1.08,1.42,0.93,1.32,118.71,212.42,16.76,28.95,15.13,15.42,9.21,9.53,7.13,11.34,18.24,39.39,5.68,10.63,19.97,39.89,1.95,2.5,10.53,14.26,0.63,0.74,4.21,5.95,142.68,127.0,35.42,41.74,27.05,34.32,16.0,15.42,9.58,9.76,1.53,2.24,26.95,24.61,17.29,19.24,10.24,63.0,0.8076923076923077,57.0,0.7307692307692307,25.0,0.32051282051282054,4.0,0.05128205128205128,69.0,0.8846153846153846,50.0,0.6410256410256411,64.0,0.8205128205128205,77.0,0.9871794871794872,67.0,0.8589743589743589,54.0,0.6923076923076923,42.0,0.5384615384615384,70.0,0.8974358974358975,35.0,0.44871794871794873,73.0,0.9358974358974359,70.0,0.8974358974358975
53,Manchester City,EPL,2.16,0.82,15.53,7.24,5.61,2.34,1.93,0.82,1.75,0.62,239.0,96.55,35.79,14.55,21.24,16.18,12.76,9.92,11.55,5.16,48.26,17.79,11.76,5.05,43.0,20.29,1.21,0.92,11.55,7.18,1.58,0.63,6.5,2.92,120.18,164.68,38.45,39.13,35.92,27.92,14.58,18.53,9.61,12.08,2.74,1.37,23.47,29.76,13.13,11.21,9.61,8.0,0.10256410256410256,6.0,0.07692307692307693,78.0,1.0,78.0,1.0,7.0,0.08974358974358974,5.0,0.0641025641025641,43.0,0.5512820512820513,7.0,0.08974358974358974,2.0,0.02564102564102564,3.0,0.038461538461538464,5.0,0.0641025641025641,75.0,0.9615384615384616,72.0,0.9230769230769231,7.0,0.08974358974358974,15.0,0.19230769230769232
54,Köln,Bundesliga,0.97,1.76,10.38,12.09,3.03,4.44,1.15,1.62,1.02,1.42,131.06,161.53,17.32,23.5,13.56,16.71,8.0,10.03,7.44,9.03,24.38,32.76,6.62,8.09,28.97,40.71,2.47,2.24,12.59,11.21,0.47,0.62,3.97,4.65,150.03,140.65,45.68,46.76,30.91,38.65,19.03,16.09,11.24,9.94,1.91,2.65,31.59,27.18,19.85,21.21,12.47,50.0,0.6410256410256411,55.0,0.7051282051282052,16.0,0.20512820512820512,36.0,0.46153846153846156,57.0,0.7307692307692307,65.0,0.8333333333333334,27.0,0.34615384615384615,48.0,0.6153846153846154,55.0,0.7051282051282052,59.0,0.7564102564102564,64.0,0.8205128205128205,45.0,0.5769230769230769,16.0,0.20512820512820512,49.0,0.6282051282051282,49.0,0.6282051282051282
55,Eibar,La_Liga,0.76,1.37,11.68,9.11,3.42,3.5,1.1,1.24,0.92,1.14,160.63,113.26,20.26,17.76,14.87,14.89,9.16,8.89,7.84,6.55,28.87,21.97,6.92,6.24,28.24,25.61,2.87,1.68,16.18,9.97,0.32,0.76,5.18,3.63,131.92,129.97,42.08,38.16,39.24,21.29,15.05,15.32,9.53,9.29,2.29,1.13,25.29,24.84,24.97,26.5,13.18,64.0,0.8205128205128205,35.0,0.44871794871794873,46.0,0.5897435897435898,69.0,0.8846153846153846,50.0,0.6410256410256411,74.0,0.9487179487179487,2.0,0.02564102564102564,54.0,0.6923076923076923,26.0,0.3333333333333333,25.0,0.32051282051282054,44.0,0.5641025641025641,33.0,0.4230769230769231,3.0,0.038461538461538464,19.0,0.24358974358974358,6.0,0.07692307692307693
56,Cagliari,Serie_A,1.13,1.55,11.34,14.53,3.24,5.21,1.2,1.66,1.1,1.56,138.89,171.47,20.34,28.76,14.58,15.03,9.0,9.11,7.95,10.39,23.63,31.79,7.79,10.68,27.87,37.37,2.39,2.39,13.05,13.21,0.37,1.21,4.47,5.71,151.37,126.34,40.84,36.92,30.03,29.5,16.55,15.97,9.74,9.71,1.79,2.34,26.53,26.47,18.24,17.37,13.68,44.0,0.5641025641025641,41.0,0.5256410256410257,6.0,0.07692307692307693,7.0,0.08974358974358974,39.0,0.5,73.0,0.9358974358974359,20.0,0.2564102564102564,57.0,0.7307692307692307,47.0,0.6025641025641025,41.0,0.5256410256410257,48.0,0.6153846153846154,22.0,0.28205128205128205,28.0,0.358974358974359,59.0,0.7564102564102564,53.0,0.6794871794871795
57,Schalke 04,Bundesliga,0.71,2.38,9.0,17.18,2.44,6.68,0.79,2.0,0.72,1.83,104.18,180.74,16.38,30.5,18.47,17.21,10.65,10.62,6.38,12.56,19.26,33.15,5.44,10.38,26.18,39.47,0.88,2.82,7.21,12.94,0.68,1.06,3.65,5.97,156.06,141.35,46.24,47.03,28.21,38.53,18.44,19.91,11.0,12.29,1.71,3.18,32.24,31.09,17.29,18.06,12.18,78.0,1.0,73.0,0.9358974358974359,1.0,0.01282051282051282,1.0,0.01282051282051282,73.0,0.9358974358974359,46.0,0.5897435897435898,78.0,1.0,61.0,0.782051282051282,75.0,0.9615384615384616,68.0,0.8717948717948718,14.0,0.1794871794871795,48.0,0.6153846153846154,35.0,0.44871794871794873,63.0,0.8076923076923077,63.0,0.8076923076923077
58,Huesca,La_Liga,0.84,1.34,10.58,10.97,3.42,3.74,0.93,1.17,0.86,1.07,123.24,162.11,17.34,21.42,18.21,15.97,11.63,9.26,7.61,8.13,22.29,31.55,6.11,8.61,25.18,33.21,2.32,2.71,13.21,12.71,0.32,0.63,4.11,4.24,143.45,152.13,41.53,41.0,27.32,41.53,16.68,15.84,10.55,10.03,1.63,2.5,25.84,24.53,16.53,17.24,14.0,68.0,0.8717948717948718,51.0,0.6538461538461539,56.0,0.717948717948718,50.0,0.6410256410256411,64.0,0.8205128205128205,74.0,0.9487179487179487,16.0,0.20512820512820512,68.0,0.8717948717948718,63.0,0.8076923076923077,57.0,0.7307692307692307,15.0,0.19230769230769232,14.0,0.1794871794871795,42.0,0.5384615384615384,70.0,0.8974358974358975,68.0,0.8717948717948718
59,Leverkusen,Bundesliga,1.53,1.09,13.15,10.12,4.97,3.24,1.39,1.19,1.32,1.14,171.88,115.79,24.85,19.85,22.5,15.32,13.71,9.21,10.21,7.06,36.03,22.18,8.47,6.41,39.53,27.47,2.24,1.85,12.59,10.26,0.94,0.5,5.38,3.56,140.62,175.59,47.06,52.03,34.26,37.74,16.44,21.09,10.06,13.38,2.15,2.35,27.53,34.32,14.82,16.79,12.88,27.0,0.34615384615384615,22.0,0.28205128205128205,46.0,0.5897435897435898,60.0,0.7692307692307693,30.0,0.38461538461538464,28.0,0.358974358974359,27.0,0.34615384615384615,13.0,0.16666666666666666,17.0,0.21794871794871795,21.0,0.2692307692307692,1.0,0.01282051282051282,40.0,0.5128205128205128,56.0,0.717948717948718,28.0,0.358974358974359,28.0,0.358974358974359
60,Roma,Serie_A,1.76,1.37,14.18,10.26,5.05,4.24,1.81,1.36,1.66,1.23,158.66,119.79,25.89,20.21,16.89,14.97,10.05,10.0,10.37,7.39,32.97,22.84,8.95,7.24,36.45,28.32,1.82,1.84,11.5,9.11,1.21,1.13,5.76,3.84,146.47,139.34,42.05,39.68,34.42,32.24,14.68,14.79,10.26,9.08,2.0,1.37,26.71,26.87,12.84,11.63,14.61,10.0,0.1282051282051282,13.0,0.16666666666666666,36.0,0.46153846153846156,57.0,0.7307692307692307,26.0,0.3333333333333333,11.0,0.14102564102564102,45.0,0.5769230769230769,24.0,0.3076923076923077,29.0,0.3717948717948718,10.0,0.1282051282051282,24.0,0.3076923076923077,9.0,0.11538461538461539,73.0,0.9358974358974359,38.0,0.48717948717948717,25.0,0.32051282051282054
61,Chelsea,EPL,1.47,0.92,14.55,8.74,5.11,2.71,1.68,0.86,1.48,0.78,205.53,133.55,29.76,16.79,16.92,15.21,9.68,8.89,11.66,6.29,37.89,22.11,10.34,4.97,40.21,24.11,2.11,0.84,13.47,8.87,1.05,0.58,5.95,4.21,141.74,145.05,43.95,39.45,34.16,34.45,17.79,17.71,10.89,10.89,2.34,2.29,29.47,28.74,16.16,14.47,11.53,14.0,0.1794871794871795,9.0,0.11538461538461539,76.0,0.9743589743589743,71.0,0.9102564102564102,12.0,0.15384615384615385,21.0,0.2692307692307692,13.0,0.16666666666666666,10.0,0.1282051282051282,8.0,0.10256410256410256,6.0,0.07692307692307693,23.0,0.2948717948717949,59.0,0.7564102564102564,49.0,0.6282051282051282,16.0,0.20512820512820512,29.0,0.3717948717948718
62,Brighton,EPL,1.03,1.16,12.53,9.26,3.39,3.08,1.36,0.99,1.18,0.85,170.66,156.68,26.84,20.39,14.39,15.84,9.05,9.32,9.18,6.76,28.53,27.89,10.03,7.34,32.95,28.55,2.39,1.68,12.47,11.13,0.97,0.82,5.76,4.34,136.29,146.76,43.11,38.34,33.76,33.97,17.47,15.24,10.92,8.82,1.97,1.87,27.87,26.61,14.55,15.92,11.32,39.0,0.5,26.0,0.3333333333333333,70.0,0.8974358974358975,67.0,0.8589743589743589,14.0,0.1794871794871795,24.0,0.3076923076923077,31.0,0.3974358974358974,34.0,0.4358974358974359,19.0,0.24358974358974358,10.0,0.1282051282051282,49.0,0.6282051282051282,61.0,0.782051282051282,59.0,0.7564102564102564,44.0,0.5641025641025641,35.0,0.44871794871794873
63,Everton,EPL,1.18,1.24,10.39,13.21,3.79,4.16,1.24,1.35,1.14,1.29,129.92,183.24,18.39,25.68,15.39,17.18,8.97,10.03,7.84,9.24,25.47,33.55,6.87,8.71,28.21,38.18,1.79,1.71,10.74,12.39,0.82,0.74,4.39,5.95,149.03,143.05,42.26,41.92,28.32,37.58,18.03,17.58,11.21,10.34,1.89,2.84,28.58,28.74,18.21,13.92,10.24,40.0,0.5128205128205128,54.0,0.6923076923076923,28.0,0.358974358974359,23.0,0.2948717948717949,52.0,0.6666666666666666,33.0,0.4230769230769231,60.0,0.7692307692307693,55.0,0.7051282051282052,56.0,0.717948717948718,48.0,0.6153846153846154,41.0,0.5256410256410257,70.0,0.8974358974358975,29.0,0.3717948717948718,51.0,0.6538461538461539,62.0,0.7948717948717948
64,Napoli,Serie_A,2.18,1.05,16.84,10.18,5.79,3.11,1.78,1.09,1.62,0.99,183.03,124.32,28.66,18.53,15.55,16.45,9.47,10.16,12.63,7.21,35.16,24.45,9.95,6.68,37.68,30.26,2.05,1.71,12.37,9.5,0.95,0.76,5.79,3.84,133.45,150.89,39.26,36.89,35.87,34.95,16.32,14.5,10.29,9.11,2.05,1.76,26.97,27.05,10.89,11.03,10.24,11.0,0.14102564102564102,1.0,0.01282051282051282,63.0,0.8076923076923077,58.0,0.7435897435897436,17.0,0.21794871794871795,26.0,0.3333333333333333,32.0,0.41025641025641024,19.0,0.24358974358974358,11.0,0.14102564102564102,9.0,0.11538461538461539,39.0,0.5,70.0,0.8974358974358975,78.0,1.0,34.0,0.4358974358974359,17.0,0.21794871794871795
65,Inter,Serie_A,2.21,0.89,14.29,10.0,5.18,2.95,1.97,1.02,1.79,0.87,180.55,155.95,29.53,17.97,11.76,13.0,6.87,7.87,10.76,7.66,35.5,30.47,11.32,6.66,40.21,27.66,2.76,1.92,12.66,10.05,0.82,0.42,5.42,3.61,133.66,149.34,37.74,40.21,35.84,33.45,14.26,13.61,8.61,7.97,2.29,1.39,23.87,26.21,13.76,11.21,12.47,5.0,0.0641025641025641,12.0,0.15384615384615385,68.0,0.8717948717948718,61.0,0.782051282051282,9.0,0.11538461538461539,33.0,0.4230769230769231,25.0,0.32051282051282054,10.0,0.1282051282051282,14.0,0.1794871794871795,18.0,0.23076923076923078,75.0,0.9615384615384616,45.0,0.5769230769230769,66.0,0.8461538461538461,19.0,0.24358974358974358,18.0,0.23076923076923078
66,Atlético Madrid,La_Liga,1.71,0.58,11.89,9.37,4.71,3.16,1.38,0.86,1.23,0.78,165.13,152.84,26.11,16.76,15.87,17.61,9.63,9.32,8.92,6.89,33.16,30.13,10.03,6.71,38.87,29.13,1.61,2.0,11.5,11.45,1.18,0.34,5.16,4.21,134.84,143.5,40.53,38.42,29.76,28.79,18.53,16.08,11.82,9.97,2.39,2.08,28.92,27.61,15.95,13.32,12.95,33.0,0.4230769230769231,33.0,0.4230769230769231,76.0,0.9743589743589743,65.0,0.8333333333333334,14.0,0.1794871794871795,13.0,0.16666666666666666,45.0,0.5769230769230769,16.0,0.20512820512820512,21.0,0.2692307692307692,29.0,0.3717948717948718,34.0,0.4358974358974359,38.0,0.48717948717948717,50.0,0.6410256410256411,12.0,0.15384615384615385,56.0,0.717948717948718
67,Milan,Serie_A,1.89,1.05,14.16,12.18,4.89,3.45,1.87,1.21,1.49,1.11,164.97,154.71,27.11,22.71,17.5,16.16,11.32,8.71,10.32,9.08,30.66,31.18,9.47,8.39,35.34,35.16,2.18,1.87,11.32,11.63,1.03,0.63,5.61,5.32,154.24,137.03,45.21,39.03,33.39,31.24,17.84,15.58,10.66,9.79,2.0,1.97,27.92,26.76,15.16,15.18,13.66,13.0,0.16666666666666666,14.0,0.1794871794871795,51.0,0.6538461538461539,34.0,0.4358974358974359,21.0,0.2692307692307692,23.0,0.2948717948717949,50.0,0.6410256410256411,26.0,0.3333333333333333,22.0,0.28205128205128205,13.0,0.16666666666666666,19.0,0.24358974358974358,23.0,0.2948717948717949,53.0,0.6794871794871795,38.0,0.48717948717948717,38.0,0.48717948717948717
68,Valencia,La_Liga,1.26,1.34,10.03,14.08,3.37,4.45,1.16,1.42,0.96,1.26,125.66,181.47,16.42,26.34,13.82,15.03,7.95,9.5,7.0,9.84,25.32,33.26,6.63,9.45,28.05,33.08,1.89,2.18,10.39,16.34,0.55,0.79,4.29,5.26,127.76,130.79,34.34,37.08,26.16,32.24,13.37,14.5,8.21,9.68,1.71,2.05,21.82,23.55,16.45,16.16,12.24,56.0,0.717948717948718,59.0,0.7564102564102564,32.0,0.41025641025641024,12.0,0.15384615384615385,56.0,0.717948717948718,55.0,0.7051282051282052,65.0,0.8333333333333334,56.0,0.717948717948718,59.0,0.7564102564102564,52.0,0.6666666666666666,57.0,0.7307692307692307,47.0,0.6025641025641025,44.0,0.5641025641025641,63.0,0.8076923076923077,73.0,0.9358974358974359
69,Juventus,Serie_A,2.0,0.95,15.45,11.13,5.37,3.0,1.95,1.0,1.76,0.83,182.74,155.29,31.29,19.89,16.55,14.63,10.84,8.76,12.0,7.92,37.89,28.87,9.95,7.34,40.95,29.0,2.42,1.84,13.55,11.03,1.08,0.42,5.82,4.26,132.84,148.32,39.92,37.45,32.0,34.34,16.47,16.18,10.39,9.42,2.37,2.5,26.21,28.24,12.24,10.42,13.29,7.0,0.08974358974358974,7.0,0.08974358974358974,72.0,0.9230769230769231,43.0,0.5512820512820513,17.0,0.21794871794871795,19.0,0.24358974358974358,12.0,0.15384615384615385,9.0,0.11538461538461539,12.0,0.15384615384615385,8.0,0.10256410256410256,29.0,0.3717948717948718,29.0,0.3717948717948718,74.0,0.9487179487179487,14.0,0.1794871794871795,44.0,0.5641025641025641
70,Sassuolo,Serie_A,1.61,1.45,13.61,13.79,4.37,4.76,1.56,1.44,1.29,1.34,181.82,139.89,25.89,26.03,17.92,13.63,10.61,7.71,9.95,10.42,37.82,22.58,10.18,8.34,37.58,26.63,1.5,2.47,10.61,11.84,0.82,0.61,5.47,5.34,130.08,165.58,39.89,44.21,35.39,38.39,15.61,18.0,9.66,10.68,2.76,2.76,25.39,29.08,11.61,11.97,13.13,28.0,0.358974358974359,19.0,0.24358974358974358,23.0,0.2948717948717949,18.0,0.23076923076923078,13.0,0.16666666666666666,33.0,0.4230769230769231,63.0,0.8076923076923077,20.0,0.2564102564102564,13.0,0.16666666666666666,16.0,0.20512820512820512,16.0,0.20512820512820512,34.0,0.4358974358974359,76.0,0.9743589743589743,6.0,0.07692307692307693,21.0,0.2692307692307692
71,Real Sociedad,La_Liga,1.53,0.97,11.0,8.71,3.66,2.63,1.59,0.96,1.36,0.86,151.24,116.47,24.45,17.47,14.16,13.87,8.5,8.71,7.87,6.13,28.21,21.05,9.39,5.95,33.45,21.76,1.58,1.79,12.29,10.29,1.11,0.66,5.16,3.34,133.42,142.11,39.13,41.47,34.39,28.84,14.74,15.34,9.0,9.53,1.95,1.76,23.61,25.11,18.66,18.37,15.05,23.0,0.2948717948717949,44.0,0.5641025641025641,69.0,0.8846153846153846,72.0,0.9230769230769231,23.0,0.2948717948717949,18.0,0.23076923076923078,35.0,0.44871794871794873,33.0,0.4230769230769231,35.0,0.44871794871794873,29.0,0.3717948717948718,54.0,0.6923076923076923,7.0,0.08974358974358974,23.0,0.2948717948717949,45.0,0.5769230769230769,27.0,0.34615384615384615
72,Cádiz,La_Liga,0.87,1.5,7.92,11.68,2.55,3.66,0.89,1.45,0.82,1.25,95.45,192.08,12.89,24.82,13.5,16.34,8.55,9.61,5.08,8.84,17.13,40.42,4.21,10.29,17.16,42.18,1.68,2.47,11.37,14.37,0.47,1.32,3.92,5.47,138.53,113.66,37.71,36.61,22.79,26.89,16.08,13.39,10.13,8.87,1.47,1.74,26.89,21.16,18.53,21.08,11.55,71.0,0.9102564102564102,77.0,0.9871794871794872,34.0,0.4358974358974359,40.0,0.5128205128205128,77.0,0.9871794871794872,65.0,0.8333333333333334,48.0,0.6153846153846154,78.0,1.0,78.0,1.0,61.0,0.782051282051282,65.0,0.8333333333333334,58.0,0.7435897435897436,25.0,0.32051282051282054,74.0,0.9487179487179487,78.0,1.0
73,Parma,Serie_A,1.03,2.11,10.45,13.84,3.18,4.89,1.05,1.62,0.95,1.57,122.74,177.68,18.84,25.68,14.71,17.03,9.32,10.42,7.61,10.13,26.74,34.87,6.55,10.03,31.37,38.03,2.18,2.74,10.74,14.76,0.71,0.74,4.05,5.42,146.0,132.29,39.0,38.58,27.18,32.61,16.71,14.71,9.74,9.42,1.47,2.24,28.13,24.24,16.95,13.5,13.84,59.0,0.7564102564102564,52.0,0.6666666666666666,5.0,0.0641025641025641,17.0,0.21794871794871795,59.0,0.7564102564102564,42.0,0.5384615384615384,60.0,0.7692307692307693,39.0,0.5,65.0,0.8333333333333334,58.0,0.7435897435897436,46.0,0.5897435897435898,18.0,0.23076923076923078,38.0,0.48717948717948717,74.0,0.9487179487179487,69.0,0.8846153846153846
74,Eint Frankfurt,Bundesliga,1.85,1.5,12.88,12.5,4.68,4.38,1.65,1.42,1.47,1.28,165.32,139.47,25.41,23.5,15.71,19.41,9.5,11.53,10.32,9.21,31.97,25.41,9.09,7.97,41.79,33.91,3.24,1.97,15.0,12.32,0.94,1.29,6.06,4.71,159.91,150.62,49.88,48.12,38.03,30.91,19.53,17.68,12.0,10.74,2.68,1.94,32.06,30.94,21.62,18.38,13.62,15.0,0.19230769230769232,25.0,0.32051282051282054,29.0,0.3717948717948718,29.0,0.3717948717948718,25.0,0.32051282051282054,28.0,0.358974358974359,5.0,0.0641025641025641,8.0,0.10256410256410256,20.0,0.2564102564102564,4.0,0.05128205128205128,37.0,0.47435897435897434,24.0,0.3076923076923077,8.0,0.10256410256410256,8.0,0.10256410256410256,8.0,0.10256410256410256
75,Celta Vigo,La_Liga,1.45,1.47,9.18,10.71,3.61,3.47,1.26,1.3,1.12,1.14,128.24,149.95,17.26,20.42,12.89,18.08,7.47,11.34,6.66,7.26,24.29,25.0,6.97,6.53,30.21,29.29,1.32,2.16,9.5,12.34,1.13,0.61,3.29,4.37,157.82,131.05,44.76,39.84,28.53,32.92,18.47,13.61,11.03,9.08,1.84,2.05,28.34,24.71,16.34,19.21,16.68,42.0,0.5384615384615384,70.0,0.8974358974358975,46.0,0.5897435897435898,52.0,0.6666666666666666,48.0,0.6153846153846154,17.0,0.21794871794871795,70.0,0.8974358974358975,43.0,0.5512820512820513,58.0,0.7435897435897436,77.0,0.9871794871794872,68.0,0.8717948717948718,1.0,0.01282051282051282,45.0,0.5769230769230769,57.0,0.7307692307692307,61.0,0.782051282051282
76,Betis,La_Liga,1.32,1.24,11.5,9.32,3.79,3.29,1.21,1.2,0.99,1.0,160.5,129.82,23.13,19.18,15.45,14.61,9.53,8.76,8.76,6.74,26.66,25.74,8.26,6.89,29.42,29.58,2.18,1.87,11.18,11.82,0.76,0.74,4.84,4.16,138.5,151.66,39.84,44.18,30.24,30.24,15.92,17.5,9.95,10.18,2.0,1.63,27.29,27.71,16.47,17.18,13.82,52.0,0.6666666666666666,38.0,0.48717948717948717,62.0,0.7948717948717948,66.0,0.8461538461538461,33.0,0.4230769230769231,37.0,0.47435897435897434,52.0,0.6666666666666666,45.0,0.5769230769230769,27.0,0.34615384615384615,35.0,0.44871794871794873,40.0,0.5128205128205128,19.0,0.24358974358974358,43.0,0.5512820512820513,38.0,0.48717948717948717,51.0,0.6538461538461539
77,Fulham,EPL,0.68,1.37,11.58,11.08,3.24,4.32,1.07,1.39,0.97,1.26,154.82,153.29,21.63,21.5,20.08,14.79,13.13,8.61,8.82,7.42,26.08,29.37,8.18,7.66,30.03,29.26,2.63,2.34,12.89,12.08,0.53,1.13,4.32,5.05,135.26,145.45,40.47,41.24,33.39,31.84,17.68,18.66,10.95,11.0,2.55,2.58,30.82,29.21,17.58,17.87,12.76,54.0,0.6923076923076923,37.0,0.47435897435897434,32.0,0.41025641025641024,44.0,0.5641025641025641,34.0,0.4358974358974359,58.0,0.7435897435897436,22.0,0.28205128205128205,44.0,0.5641025641025641,34.0,0.4358974358974359,51.0,0.6538461538461539,8.0,0.10256410256410256,43.0,0.5512820512820513,33.0,0.4230769230769231,11.0,0.14102564102564102,38.0,0.48717948717948717
