seq_id,playerId,season,name,team,age,matchPlayed,minutePlayed,goal,assist,xA,npxG,shots,shotsOnTarget,keyPass,dispossessed,pressure,pressSuccess,tklInt,foul,error,foulDrawn,netGoalPlusMinus,xGPlusMinus,createdAt,updatedAt,dribbleSuccess,dribbleAttempt,league,progressivePass,shotCreatingAction
0,0076ab7f,2020-2021,Nemanja Gudelj,Sevilla,28,30,1041,0,0,0.0,0.2,8.0,1.0,2,3,160,54,41.0,21,2,9,-1.13,-0.73,2020-10-28 13:32:22,2021-06-06 03:26:30,3,4,La Liga,22.0,7.0
1,01b8a2b2,2020-2021,Wojciech Szczęsny,Juventus,30,30,2677,0,1,0.1,0.0,,,1,0,1,0,,0,0,1,-1.16,-0.41,2020-10-28 15:32:25,2021-06-06 00:38:41,2,2,Serie A,1.0,2.0
2,01c3aff5,2020-2021,Weston McKennie,Juventus,21,34,1702,5,2,2.8,4.2,29.0,14.0,24,28,413,105,68.0,44,0,7,-0.25,0.48,2021-04-12 15:42:26,2021-06-06 00:39:41,13,22,Serie A,51.0,53.0
3,01eb744d,2020-2021,Ángel Correa,Atlético Madrid,25,38,2393,9,8,5.7,7.4,53.0,23.0,34,69,502,147,58.0,37,0,32,-0.55,0.28,2020-10-28 13:34:05,2021-06-06 03:27:28,54,95,La Liga,69.0,80.0
4,02b29014,2020-2021,Abdoulaye Doucouré,Everton,27,29,2443,2,3,2.2,2.1,18.0,5.0,18,30,544,158,91.0,23,1,12,-0.04,0.01,2021-04-12 15:21:16,2021-06-06 00:52:36,17,28,Premier League,65.0,41.0
5,02c15616,2020-2021,Marcos Llorente,Atlético Madrid,25,37,2956,12,11,5.2,4.3,49.0,22.0,42,56,649,192,104.0,59,0,39,-0.29,-0.26,2020-10-28 13:34:38,2021-06-06 03:27:04,38,63,La Liga,99.0,75.0
6,02caf6e0,2020-2021,Manuel Lazzari,Lazio,26,32,2613,2,5,3.9,2.2,24.0,6.0,31,29,271,71,52.0,26,0,54,0.94,0.54,2020-10-28 15:35:19,2021-06-06 03:29:00,28,54,Serie A,38.0,62.0
7,03f946ed,2020-2021,Andrea Petagna,Napoli,25,26,964,4,3,2.0,4.1,26.0,11.0,22,12,94,18,5.0,19,0,17,-0.61,-0.19,2021-06-06 00:04:19,2021-06-06 00:04:19,7,13,Serie A,10.0,37.0
8,0420d84f,2020-2021,Séamus Coleman,Everton,31,25,1613,0,3,1.9,1.2,12.0,4.0,18,30,242,73,61.0,12,1,17,0.47,0.37,2020-10-27 22:03:08,2021-06-06 00:53:11,20,39,Premier League,43.0,33.0
9,042e8a49,2020-2021,Kingsley Coman,Bayern Munich,24,29,1752,5,10,6.6,4.1,52.0,19.0,43,50,320,102,32.0,13,0,34,-0.78,-0.23,2020-10-28 13:51:23,2021-06-06 01:00:18,66,103,Bundesliga,63.0,88.0
10,048a1cbc,2020-2021,Raphaël Guerreiro,Dortmund,26,27,2218,5,10,7.0,3.8,37.0,15.0,53,19,190,60,64.0,10,1,12,0.44,0.61,2020-10-28 13:48:19,2021-06-06 00:58:11,32,51,Bundesliga,228.0,87.0
11,04e17fd5,2020-2021,Youssef En-Nesyri,Sevilla,23,38,2311,18,0,1.3,14.8,77.0,27.0,11,31,396,88,33.0,28,0,36,0.3,0.18,2020-10-28 13:32:54,2021-06-06 03:26:05,15,35,La Liga,10.0,37.0
12,05439de2,2020-2021,David Alaba,Bayern Munich,28,32,2675,2,4,2.3,1.3,21.0,6.0,25,13,346,131,77.0,19,2,10,-2.43,-1.6,2020-10-28 13:50:25,2021-06-06 00:59:54,14,16,Bundesliga,189.0,49.0
13,056269d7,2020-2021,Óscar Mingueza,Barcelona,21,27,1901,2,2,1.0,1.0,12.0,6.0,8,7,318,114,85.0,20,5,16,0.31,-0.24,2021-04-12 14:44:21,2021-06-06 00:11:46,7,10,La Liga,58.0,20.0
14,05d548d8,2020-2021,Mats Hummels,Dortmund,31,33,2813,5,0,0.9,3.4,29.0,15.0,10,9,267,101,134.0,27,1,17,-1.85,0.41,2020-10-28 13:47:55,2021-06-06 00:57:47,8,10,Bundesliga,136.0,27.0
15,05e19d6a,2020-2021,Franck Kessié,Milan,23,37,3226,13,4,2.8,3.7,36.0,8.0,30,41,536,160,115.0,65,0,39,-0.06,0.65,2020-10-28 15:27:04,2021-06-06 01:03:30,48,61,Serie A,123.0,76.0
16,08511d65,2020-2021,Sergio Ramos,Real Madrid,34,15,1275,2,0,0.2,2.3,15.0,4.0,4,2,97,39,36.0,17,1,6,-0.29,0.0,2020-10-28 00:18:49,2021-06-06 03:24:24,5,6,La Liga,61.0,9.0
17,08f5afaa,2020-2021,Gianluigi Donnarumma,Milan,21,37,3330,0,0,0.0,0.0,0.0,0.0,0,0,0,0,,1,1,4,0.89,0.35,2020-10-28 15:26:39,2021-06-06 01:03:22,2,2,Serie A,1.0,6.0
18,0959c2a2,2020-2021,Federico Valverde,Real Madrid,22,24,1330,3,1,3.2,2.0,23.0,8.0,22,10,257,69,49.0,12,0,9,-0.13,0.19,2020-10-28 00:19:37,2021-06-06 03:24:16,25,32,La Liga,57.0,50.0
19,0ab1f153,2020-2021,Juan Cuadrado,Juventus,32,30,2175,2,10,7.2,1.2,18.0,6.0,58,32,287,84,73.0,33,1,65,-0.2,0.22,2020-10-28 15:32:33,2021-06-06 00:39:00,56,77,Serie A,150.0,110.0
20,0b5a292a,2020-2021,Mário Rui,Napoli,29,27,1669,0,2,2.0,0.7,19.0,2.0,30,10,170,60,58.0,17,0,41,0.0,0.01,2021-06-06 00:03:48,2021-06-06 00:03:48,15,23,Serie A,86.0,52.0
21,0c2ac3cb,2020-2021,Rafinha,Paris S-G,27,23,1361,0,4,3.2,1.3,24.0,8.0,24,32,357,111,66.0,22,0,41,0.1,-0.43,2021-04-12 14:55:24,2021-06-06 00:56:59,30,49,Ligue 1,83.0,56.0
22,0cadc46d,2020-2021,Vedat Muriqi,Lazio,26,27,832,1,0,0.3,4.6,32.0,7.0,5,17,142,37,6.0,14,0,19,-0.49,-0.17,2021-05-30 23:50:02,2021-06-06 03:30:10,6,11,Serie A,19.0,23.0
23,0d82903c,2020-2021,Alex Sandro,Juventus,29,26,1858,2,1,1.7,1.2,14.0,3.0,17,19,188,76,64.0,26,0,28,0.72,0.25,2021-04-12 15:42:35,2021-06-06 00:39:29,16,21,Serie A,130.0,38.0
24,0d9b2d31,2020-2021,Pedri,Barcelona,17,37,2415,3,3,4.7,3.8,25.0,7.0,40,28,661,189,83.0,18,0,42,0.86,0.84,2021-04-12 14:44:05,2021-06-06 00:11:34,25,45,La Liga,126.0,79.0
25,0db169ae,2020-2021,Sandro Tonali,Milan,20,25,1330,0,0,1.3,0.5,9.0,3.0,16,13,303,68,47.0,18,0,18,-0.09,0.2,2021-04-12 15:37:37,2021-06-06 01:04:29,6,10,Serie A,55.0,30.0
26,0e6bc38c,2020-2021,Eric Maxim Choupo-Moting,Bayern Munich,31,22,820,3,0,1.6,3.2,19.0,13.0,11,20,128,38,12.0,5,0,9,-0.56,-0.09,2021-05-30 23:40:26,2021-06-06 01:01:06,18,24,Bundesliga,17.0,21.0
27,101da2b5,2020-2021,Fernandinho,Manchester City,35,21,1188,0,2,0.9,0.8,15.0,3.0,12,6,223,74,57.0,22,0,10,0.15,-0.38,2020-10-27 23:13:42,2021-06-06 00:51:42,10,15,Premier League,97.0,29.0
28,119b9a8e,2020-2021,Aymeric Laporte,Manchester City,26,16,1344,0,0,0.7,0.8,6.0,1.0,4,2,81,24,21.0,9,1,10,0.0,0.25,2020-10-27 23:14:54,2021-06-06 00:51:35,3,3,Premier League,72.0,9.0
29,1265a93a,2020-2021,Reece James,Chelsea,20,32,2373,1,2,3.0,1.6,36.0,12.0,40,27,359,92,105.0,31,0,17,-0.78,-0.13,2020-10-27 23:30:35,2021-06-06 00:46:41,40,53,Premier League,111.0,74.0
30,129af0db,2020-2021,Álvaro Morata,Juventus,27,32,2014,11,9,4.8,10.2,54.0,23.0,40,39,332,88,28.0,37,0,44,-0.32,0.07,2020-10-28 13:33:41,2021-06-06 00:39:23,27,42,Serie A,49.0,74.0
31,130a7a3f,2020-2021,Samu Castillejo,Milan,25,28,1181,1,0,0.7,2.0,25.0,7.0,10,26,328,82,41.0,25,0,31,-0.16,-0.12,2020-10-28 15:28:00,2021-06-06 01:04:53,24,43,Serie A,37.0,27.0
32,132a82f1,2020-2021,Wesley Fofana,Leicester City,19,28,2262,0,0,0.3,1.0,11.0,2.0,6,12,248,83,114.0,37,0,29,0.13,0.24,2021-06-06 00:00:58,2021-06-06 00:00:58,13,17,Premier League,78.0,18.0
33,1467af0d,2020-2021,Marco Verratti,Paris S-G,27,21,1492,0,2,2.6,1.1,10.0,5.0,24,39,319,105,72.0,28,0,51,-0.46,-0.11,2020-10-28 13:46:11,2021-06-06 00:56:34,36,45,Ligue 1,135.0,50.0
34,1598599e,2020-2021,Nampalys Mendy,Leicester City,28,23,1459,0,1,0.4,0.1,4.0,2.0,6,15,267,84,44.0,21,0,29,-0.72,0.0,2021-06-06 00:01:48,2021-06-06 00:01:48,6,14,Premier League,49.0,15.0
35,15d0c248,2020-2021,Luiz Felipe,Lazio,23,14,909,0,0,0.2,0.2,3.0,0.0,3,3,122,45,58.0,14,1,8,0.73,-0.47,2020-10-28 15:35:37,2021-06-06 03:29:47,2,2,Serie A,28.0,7.0
36,15f3ec41,2020-2021,Callum Hudson-Odoi,Chelsea,19,23,1059,2,3,3.1,1.4,23.0,6.0,31,15,160,54,34.0,10,0,8,1.25,0.7,2020-10-27 23:31:31,2021-06-06 00:48:05,15,28,Premier League,55.0,57.0
37,16657b95,2020-2021,Bryan Cristante,Roma,25,34,2155,1,3,0.9,2.2,27.0,7.0,15,15,375,108,72.0,31,2,13,0.76,0.05,2020-10-28 15:38:09,2021-06-06 03:31:18,17,21,Serie A,120.0,35.0
38,16b9d5cf,2020-2021,Nikola Maksimović,Napoli,28,17,1207,0,0,0.1,0.4,5.0,1.0,3,3,115,39,37.0,6,1,6,-1.02,-0.5,2021-06-06 00:04:06,2021-06-06 00:04:06,4,4,Serie A,42.0,8.0
39,16ceb862,2020-2021,Olivier Giroud,Chelsea,33,17,748,4,0,0.7,4.8,29.0,10.0,7,9,132,35,12.0,16,0,6,-0.13,0.08,2020-10-27 23:31:17,2021-06-06 00:48:11,3,5,Premier League,7.0,15.0
40,178ae8f8,2020-2021,Diogo Jota,Liverpool,23,19,1112,9,0,1.6,6.6,46.0,26.0,12,27,298,76,22.0,25,0,20,0.07,-0.19,2021-04-12 15:08:36,2021-06-06 00:41:47,26,46,Premier League,46.0,34.0
41,1840e36d,2020-2021,Thibaut Courtois,Real Madrid,28,38,3420,0,0,0.0,0.0,0.0,0.0,0,0,3,1,,1,5,3,,,2020-10-28 00:18:56,2021-06-06 03:23:10,0,0,La Liga,0.0,4.0
42,18b896d6,2020-2021,Antonio Rüdiger,Chelsea,27,19,1710,1,0,0.3,1.1,14.0,6.0,3,0,167,66,45.0,16,0,11,0.21,0.18,2020-10-27 23:30:29,2021-06-06 00:47:22,3,6,Premier League,52.0,14.0
43,1961b2aa,2020-2021,André Gomes,Everton,27,28,1570,0,1,1.0,0.5,14.0,3.0,15,35,369,119,63.0,34,0,14,0.26,0.28,2020-10-27 22:03:33,2021-06-06 00:53:17,26,41,Premier League,80.0,35.0
44,197640fd,2020-2021,Timothy Castagne,Leicester City,24,27,2345,2,3,2.0,1.3,8.0,3.0,22,15,351,100,82.0,20,1,13,0.2,-0.03,2020-10-28 15:40:55,2021-06-06 00:00:53,15,30,Premier League,99.0,41.0
45,19cda00b,2020-2021,Ángel Di María,Paris S-G,32,27,1853,5,9,10.6,5.1,60.0,18.0,67,35,320,92,40.0,12,0,26,0.27,0.51,2020-10-28 13:45:24,2021-06-06 00:55:47,46,89,Ligue 1,131.0,128.0
46,1a4ef233,2020-2021,Daniel Amartey,Leicester City,25,12,722,1,0,0.0,0.4,3.0,1.0,0,3,62,24,24.0,3,0,1,-0.76,-0.32,2021-06-06 00:02:18,2021-06-06 00:02:18,1,5,Premier League,25.0,5.0
47,1a7fcf39,2020-2021,Ezgjan Alioski,Leeds United,28,36,2461,2,3,3.1,1.5,25.0,8.0,27,21,534,152,118.0,39,0,42,0.81,0.83,2021-04-12 15:24:20,2021-06-06 00:54:10,15,25,Premier League,114.0,57.0
48,1a992676,2020-2021,Julian Draxler,Paris S-G,26,24,1064,4,3,2.8,2.2,12.0,5.0,27,14,127,31,29.0,8,0,13,0.61,0.43,2020-10-28 13:47:31,2021-06-06 00:57:23,21,33,Ligue 1,55.0,44.0
49,1b84dbe1,2020-2021,Lucas Digne,Everton,27,30,2681,0,7,5.4,0.6,13.0,0.0,44,32,413,107,104.0,35,0,22,-0.34,0.33,2020-10-27 22:02:12,2021-06-06 00:52:23,14,23,Premier League,108.0,70.0
50,1bacc518,2020-2021,Frenkie de Jong,Barcelona,23,37,3154,3,4,5.5,5.5,17.0,6.0,49,38,360,114,78.0,26,1,44,-0.13,0.0,2020-10-28 00:17:21,2021-06-06 00:10:52,48,63,La Liga,186.0,86.0
51,1bf33a9a,2020-2021,Christian Pulisic,Chelsea,21,27,1738,4,2,2.8,5.4,43.0,16.0,26,50,337,109,34.0,14,0,33,-0.76,-0.34,2020-10-27 23:30:19,2021-06-06 00:47:29,46,94,Premier League,66.0,67.0
52,1cb49278,2020-2021,Andreas Christensen,Chelsea,24,17,1371,0,0,0.4,0.1,3.0,0.0,6,3,104,38,46.0,9,1,7,-0.31,-0.11,2020-10-27 23:30:03,2021-06-06 00:47:42,1,2,Premier League,46.0,9.0
53,1d1691ad,2020-2021,Álvaro Odriozola,Real Madrid,24,13,829,2,0,0.6,0.7,3.0,2.0,9,10,120,29,22.0,5,0,5,-0.78,-0.51,2021-05-30 23:31:20,2021-06-06 03:24:53,7,12,La Liga,16.0,18.0
54,1f44ac21,2020-2021,Erling Haaland,Dortmund,20,28,2407,27,6,5.4,20.5,90.0,47.0,23,23,320,105,12.0,21,0,22,1.43,0.48,2020-10-28 13:49:21,2021-06-06 00:57:52,28,43,Bundesliga,32.0,62.0
55,1fb1c435,2020-2021,Rodrigo,Leeds United,29,26,1288,7,2,2.4,6.3,48.0,17.0,28,22,259,66,30.0,20,0,9,0.56,0.28,2021-04-12 15:24:36,2021-06-06 00:54:53,18,29,Premier League,57.0,64.0
56,20030c06,2020-2021,Willi Orban,RB Leipzig,27,29,2363,4,1,0.8,3.5,23.0,7.0,8,8,235,101,77.0,16,3,16,0.06,0.15,2020-10-28 13:54:19,2021-06-06 01:01:48,9,13,Bundesliga,143.0,18.0
57,20730eae,2020-2021,Rafael Leão,Milan,21,30,1924,6,6,4.5,5.7,43.0,20.0,27,25,231,54,18.0,28,0,21,-0.6,-0.56,2020-10-28 15:28:47,2021-06-06 01:04:05,34,54,Serie A,39.0,54.0
58,20b9f052,2020-2021,Pau López,Roma,25,21,1817,0,0,0.0,0.0,,,0,0,4,0,,0,1,1,0.28,0.19,2020-10-28 15:36:56,2021-06-06 03:31:36,0,0,Serie A,1.0,0.0
59,21166ff4,2020-2021,Çağlar Söyüncü,Leicester City,24,23,1819,1,0,0.2,0.5,9.0,3.0,4,5,166,55,58.0,18,2,15,0.26,0.17,2021-06-06 00:01:30,2021-06-06 00:01:30,7,9,Premier League,72.0,10.0
60,2146785a,2020-2021,Davide Calabria,Milan,23,32,2647,2,1,1.8,1.2,24.0,7.0,20,15,523,173,120.0,31,1,36,0.52,0.18,2020-10-28 15:27:44,2021-06-06 01:03:41,17,37,Serie A,176.0,47.0
61,21512407,2020-2021,Kieran Trippier,Atlético Madrid,29,28,2475,0,6,3.6,0.1,3.0,1.0,35,15,341,110,104.0,30,1,15,0.47,0.1,2020-10-28 13:33:57,2021-06-06 03:27:34,18,23,La Liga,202.0,75.0
62,21a66f6a,2020-2021,Harry Kane,Tottenham,27,35,3082,23,14,7.4,17.5,134.0,47.0,48,71,391,99,33.0,26,0,60,1.56,1.19,2020-10-27 22:17:51,2021-06-06 00:42:35,46,79,Premier League,125.0,113.0
63,230a2fac,2020-2021,Giovanni Di Lorenzo,Napoli,26,36,3240,3,6,4.7,3.8,31.0,12.0,45,21,437,141,124.0,50,0,60,-2.97,-0.04,2021-06-06 00:02:29,2021-06-06 00:02:29,28,56,Serie A,258.0,103.0
64,2628fd2b,2020-2021,Bernd Leno,Arsenal,28,35,3131,0,0,0.0,0.0,,,0,0,3,2,,2,0,4,0.12,-0.96,2020-10-27 21:33:06,2021-06-06 00:44:17,0,0,Premier League,2.0,1.0
65,2784f898,2020-2021,Éder Militão,Real Madrid,22,14,1133,1,0,0.0,1.1,12.0,3.0,0,3,113,41,43.0,15,0,12,0.72,-0.07,2020-10-28 00:20:41,2021-06-06 03:24:28,2,4,La Liga,24.0,7.0
66,282679b4,2020-2021,Mateusz Klich,Leeds United,30,35,2393,4,5,3.9,1.8,34.0,10.0,46,27,570,165,69.0,45,0,19,-1.08,0.13,2021-04-12 15:23:48,2021-06-06 00:54:24,13,24,Premier League,140.0,97.0
67,2946f9a1,2020-2021,Nacho,Real Madrid,30,24,2000,1,0,0.4,1.5,11.0,3.0,4,5,259,92,71.0,38,0,25,0.35,0.11,2021-04-12 14:46:22,2021-06-06 03:23:53,7,11,La Liga,55.0,14.0
68,29c02c9f,2020-2021,Colin Dagba,Paris S-G,21,25,1357,1,2,1.0,0.3,7.0,1.0,12,13,209,66,38.0,20,0,9,0.66,-0.14,2020-10-28 13:47:38,2021-06-06 00:57:05,10,17,Ligue 1,40.0,22.0
69,2a0c8ba4,2020-2021,Joan Jordán,Sevilla,26,35,2406,1,6,2.8,1.5,23.0,4.0,39,26,480,128,69.0,54,1,42,0.12,-0.43,2020-10-28 13:31:18,2021-06-06 03:25:41,37,44,La Liga,136.0,73.0
70,2a1beb34,2020-2021,Marten de Roon,Atalanta,29,35,3021,1,1,2.1,0.7,18.0,3.0,25,12,673,231,164.0,66,0,24,-0.51,-0.12,2020-10-28 15:40:01,2021-06-06 03:32:28,14,21,Serie A,199.0,69.0
71,2acd49b9,2020-2021,Moussa Sissoko,Tottenham,30,25,1585,0,0,0.5,0.4,3.0,1.0,5,14,242,75,41.0,21,0,9,-1.13,-0.52,2020-10-27 22:18:08,2021-06-06 00:43:17,17,30,Premier League,36.0,17.0
72,2b09d998,2020-2021,Tyler Adams,RB Leipzig,21,27,1850,1,1,0.9,0.9,7.0,4.0,13,31,362,118,83.0,29,0,29,-0.11,-0.1,2020-10-28 13:54:09,2021-06-06 01:02:17,18,21,Bundesliga,90.0,27.0
73,2b114be3,2020-2021,Leroy Sané,Bayern Munich,24,32,1805,6,9,6.4,5.6,58.0,21.0,36,53,392,140,43.0,14,0,21,-0.54,0.07,2021-04-12 15:00:11,2021-06-06 01:00:43,74,122,Bundesliga,67.0,86.0
74,2b622f01,2020-2021,Lucas Moura,Tottenham,27,30,1411,3,4,2.3,2.2,18.0,6.0,16,43,269,65,54.0,23,0,47,0.16,0.59,2020-10-27 22:18:31,2021-06-06 00:43:23,36,65,Premier League,47.0,36.0
75,2bef2bca,2020-2021,Ronald Araújo,Barcelona,21,24,1510,2,1,0.1,1.6,12.0,4.0,2,2,159,59,45.0,12,1,18,-0.29,0.16,2021-04-12 14:44:37,2021-06-06 00:12:04,4,5,La Liga,26.0,9.0
76,2c0558b8,2020-2021,Jamal Musiala,Bayern Munich,17,26,881,6,1,0.9,3.1,25.0,11.0,9,33,221,83,48.0,12,0,21,-0.55,-0.39,2021-05-30 23:40:31,2021-06-06 01:01:11,37,60,Bundesliga,38.0,34.0
77,2c0f8e9e,2020-2021,Alexis Sánchez,Inter,31,30,1146,7,5,5.9,4.8,28.0,15.0,33,36,261,63,27.0,19,0,33,0.7,0.22,2020-10-28 15:31:27,2021-06-06 01:06:54,28,41,Serie A,57.0,71.0
78,2d61d13a,2020-2021,Ozan Kabak,Liverpool,20,9,801,0,0,0.2,0.1,1.0,0.0,1,2,103,41,31.0,12,1,3,-0.75,-0.27,2021-05-30 23:55:37,2021-06-06 00:41:59,5,8,Premier League,15.0,1.0
79,2d61d13a,2020-2021,Ozan Kabak,Schalke 04,20,14,1243,0,0,0.2,1.0,12.0,1.0,3,8,151,47,36.0,21,2,7,-0.27,-0.11,2021-05-30 23:55:37,2021-06-06 00:41:59,15,23,Bundesliga,42.0,10.0
80,2d970560,2020-2021,Robin Gosens,Atalanta,26,32,2523,10,6,3.9,6.8,50.0,20.0,28,18,368,98,99.0,51,1,26,0.85,-0.09,2020-10-28 15:39:44,2021-06-06 03:32:40,16,30,Serie A,187.0,65.0
81,2db2fd7b,2020-2021,Jérôme Boateng,Bayern Munich,31,29,2368,1,1,0.6,0.3,8.0,3.0,6,2,196,73,77.0,23,0,10,-0.09,0.32,2020-10-28 13:50:59,2021-06-06 01:00:00,6,7,Bundesliga,151.0,15.0
82,2e4f5f03,2020-2021,Andrew Robertson,Liverpool,26,38,3383,1,7,6.9,1.4,19.0,5.0,66,20,353,120,87.0,23,1,10,-6.69,-3.47,2020-10-28 15:05:12,2021-06-06 00:40:35,29,53,Premier League,265.0,106.0
83,2e7ff968,2020-2021,Marwin Hitz,Dortmund,32,16,1395,0,0,0.0,0.0,0.0,0.0,0,0,0,0,,0,0,2,0.92,0.3,2021-04-12 14:58:20,2021-06-06 00:58:59,0,0,Bundesliga,0.0,0.0
84,2f3452eb,2020-2021,Elseid Hysaj,Napoli,26,24,1768,0,2,1.6,0.2,8.0,0.0,14,11,232,65,65.0,16,1,20,0.71,-0.1,2021-06-06 00:03:30,2021-06-06 00:03:30,17,27,Serie A,84.0,30.0
85,2f557579,2020-2021,Lorenzo Insigne,Napoli,29,35,2865,19,8,8.4,10.0,136.0,40.0,64,58,371,93,76.0,9,1,41,1.41,0.57,2021-06-06 00:02:36,2021-06-06 00:02:36,59,99,Serie A,182.0,153.0
86,2f7acede,2020-2021,Harry Winks,Tottenham,24,15,861,0,0,0.3,0.1,4.0,1.0,5,7,161,52,40.0,11,0,12,0.03,0.84,2020-10-27 22:18:23,2021-06-06 00:43:58,4,6,Premier League,54.0,8.0
87,2f90f6b8,2020-2021,James Milner,Liverpool,34,26,1070,0,1,1.2,0.4,12.0,3.0,13,11,209,69,42.0,19,1,11,-0.26,-0.38,2020-10-28 15:06:24,2021-06-06 00:41:54,6,13,Premier League,89.0,22.0
88,30223b33,2020-2021,Antonio Mirante,Roma,37,13,1153,0,0,0.0,0.0,0.0,0.0,0,0,1,1,,0,0,2,-0.16,0.11,2021-04-12 15:47:40,2021-06-06 03:32:06,0,0,Serie A,1.0,3.0
89,30941e96,2020-2021,Angeliño,RB Leipzig,23,26,2161,4,4,5.0,3.8,35.0,13.0,56,22,261,95,73.0,22,1,26,0.46,-0.11,2020-10-28 13:54:01,2021-06-06 01:01:54,18,40,Bundesliga,111.0,92.0
90,30f5ffa9,2020-2021,Milan Škriniar,Inter,25,32,2777,3,0,0.4,1.8,15.0,6.0,4,10,239,84,82.0,34,2,28,0.03,0.06,2020-10-28 15:30:00,2021-06-06 01:05:47,6,9,Serie A,122.0,19.0
91,31c69ef1,2020-2021,Rúben Dias,Manchester City,23,32,2843,1,0,0.1,2.4,14.0,7.0,3,5,181,67,53.0,21,0,20,0.86,0.53,2021-04-12 15:18:46,2021-06-06 00:50:11,3,6,Premier League,116.0,21.0
92,3353737a,2020-2021,Sergio Reguilón,Tottenham,23,27,2244,0,3,1.7,1.6,21.0,4.0,17,31,388,112,86.0,26,0,20,0.57,0.44,2020-10-28 13:31:01,2021-06-06 00:42:52,27,51,Premier League,82.0,41.0
93,335fa267,2020-2021,Sergi Roberto,Barcelona,28,15,946,1,2,2.0,0.5,5.0,1.0,13,4,87,22,20.0,7,0,10,-0.79,-0.08,2020-10-28 00:17:04,2021-06-06 00:12:16,8,9,La Liga,44.0,18.0
94,33887998,2020-2021,Edouard Mendy,Chelsea,28,31,2745,0,0,0.0,0.0,,,0,0,3,0,,1,1,2,0.56,0.54,2021-04-12 15:11:24,2021-06-06 00:46:23,1,1,Premier League,0.0,3.0
95,339fe0e8,2020-2021,Thomas Strakosha,Lazio,25,9,810,0,0,0.0,0.0,,,0,0,1,0,1.0,0,0,2,-1.08,0.19,2020-10-28 15:34:42,2021-06-06 03:30:00,0,0,Serie A,1.0,1.0
96,33b8d077,2020-2021,Marcelo Brozović,Inter,27,33,2581,2,6,4.3,1.8,27.0,6.0,45,20,534,154,91.0,34,0,13,-1.39,-0.01,2020-10-28 15:29:51,2021-06-06 01:06:12,11,17,Serie A,204.0,86.0
97,3423f250,2020-2021,Raphael Dias Belloli,Leeds United,23,30,2360,6,9,8.1,6.0,68.0,27.0,66,36,402,98,69.0,13,0,31,0.43,0.16,2021-04-12 15:23:57,2021-06-06 00:54:28,61,118,Premier League,135.0,109.0
98,3626daea,2020-2021,Leonardo Spinazzola,Roma,27,27,2124,2,4,5.0,2.0,22.0,6.0,36,30,205,55,44.0,9,2,11,-0.02,0.46,2020-10-28 15:38:17,2021-06-06 03:31:04,59,112,Serie A,114.0,67.0
99,36a3ff67,2020-2021,Marco Reus,Dortmund,31,32,2279,8,6,8.1,7.4,54.0,24.0,50,28,475,159,50.0,28,0,34,1.15,0.56,2020-10-28 13:49:07,2021-06-06 00:58:00,41,75,Bundesliga,101.0,92.0
100,3935e52e,2020-2021,Sead Kolašinac,Schalke 04,27,17,1426,1,1,1.6,0.4,6.0,1.0,12,7,183,52,60.0,19,0,14,0.29,0.28,2021-05-30 21:02:55,2021-05-30 21:02:55,17,28,,,
101,3a24769f,2020-2021,Ross Barkley,Aston Villa,26,24,1531,3,1,3.6,3.2,38.0,11.0,39,38,245,58,11.0,12,0,17,-0.22,-0.24,2020-10-27 23:31:01,2021-05-30 21:01:11,34,47,,,
102,3b333ac3,2020-2021,Hans Hateboer,Atalanta,26,22,1762,2,1,1.5,3.1,27.0,13.0,20,20,208,68,41.0,21,0,9,1.25,0.51,2020-10-28 15:40:32,2021-06-06 03:33:35,5,13,Serie A,81.0,39.0
103,3b8674e6,2020-2021,Rodrigo Bentancur,Juventus,23,33,2324,0,4,2.6,0.7,15.0,5.0,30,23,537,158,122.0,45,1,28,-0.42,0.21,2020-10-28 15:33:04,2021-06-06 00:38:52,25,39,Serie A,171.0,66.0
104,3bb7b8b4,2020-2021,Ederson,Manchester City,26,36,3240,0,1,0.4,0.0,,,1,0,5,1,,1,1,4,-0.17,0.79,2020-10-27 23:13:02,2021-06-06 00:50:05,0,0,Premier League,1.0,5.0
105,3bb7f478,2020-2021,Edin Džeko,Roma,34,27,1824,7,3,2.5,12.2,70.0,24.0,27,42,190,55,11.0,26,0,37,-0.67,-0.11,2020-10-28 15:37:05,2021-06-06 03:31:30,25,52,Serie A,41.0,63.0
106,3c6089ab,2020-2021,Thomas Müller,Bayern Munich,30,32,2674,11,19,11.5,6.4,48.0,16.0,90,45,664,220,71.0,22,0,22,1.32,-0.3,2020-10-28 13:50:33,2021-06-06 00:59:47,35,50,Bundesliga,133.0,143.0
107,3ca7254a,2020-2021,Pedro,Roma,33,27,1591,5,2,2.7,5.1,42.0,15.0,28,17,269,61,39.0,25,0,33,-0.07,-0.03,2020-10-27 23:31:25,2021-06-06 03:31:40,27,42,Serie A,64.0,66.0
108,3cefcaef,2020-2021,Ferland Mendy,Real Madrid,25,26,2208,1,0,1.7,0.6,12.0,2.0,20,32,193,68,56.0,22,0,39,0.67,0.59,2020-10-28 00:19:44,2021-06-06 03:23:41,36,62,La Liga,77.0,46.0
109,3d50bcdb,2020-2021,Moise Kean,Paris S-G,20,26,1698,13,0,0.9,10.7,53.0,24.0,7,40,177,51,17.0,33,0,6,-0.82,-0.58,2020-10-27 22:14:32,2021-06-06 00:55:53,28,52,Ligue 1,19.0,25.0
110,3ea50f67,2020-2021,Harvey Barnes,Leicester City,22,25,1945,9,4,1.5,6.2,55.0,25.0,25,53,227,69,38.0,16,0,33,0.08,-0.33,2021-06-06 00:01:23,2021-06-06 00:01:23,28,69,Premier League,62.0,68.0
111,3ead85f9,2020-2021,Alessio Romagnoli,Milan,25,22,1907,1,1,0.5,2.3,15.0,3.0,3,0,170,52,32.0,21,1,11,-0.26,-0.34,2020-10-28 15:26:47,2021-06-06 01:04:12,0,0,Serie A,49.0,14.0
112,3eb22ec9,2020-2021,Bernardo Silva,Manchester City,25,26,2065,2,6,3.7,2.8,28.0,13.0,32,28,375,111,53.0,17,0,18,0.35,0.47,2020-10-27 23:13:50,2021-06-06 00:50:35,41,58,Premier League,72.0,80.0
113,3f10bd22,2020-2021,Jesús Navas,Sevilla,34,34,2827,0,6,5.3,1.0,15.0,2.0,63,13,202,64,58.0,10,1,19,-1.02,-0.8,2020-10-28 13:30:21,2021-06-06 03:25:04,19,29,La Liga,147.0,98.0
114,3f2d59fe,2020-2021,Shkodran Mustafi,Schalke 04,28,13,1037,1,0,0.0,0.5,10.0,2.0,1,0,113,36,40.0,8,1,12,0.09,0.09,2021-05-30 21:03:42,2021-05-30 21:03:42,1,4,,,
115,3f79a1c8,2020-2021,Gonzalo Escalante,Lazio,27,24,733,0,1,0.0,0.6,7.0,3.0,1,5,170,62,37.0,14,0,9,1.05,-0.29,2021-04-12 15:45:46,2021-06-06 03:30:30,8,9,Serie A,34.0,12.0
116,407feb71,2020-2021,Brahim Díaz,Milan,20,27,1228,4,3,1.6,3.3,26.0,9.0,19,36,277,76,28.0,14,0,29,0.82,0.69,2021-04-12 15:38:10,2021-06-06 01:04:47,33,52,Serie A,28.0,47.0
117,41e7ef1c,2020-2021,Layvin Kurzawa,Paris S-G,27,19,1278,1,1,1.7,0.7,11.0,2.0,11,15,167,61,59.0,33,2,7,-0.53,-0.61,2020-10-28 13:47:15,2021-06-06 00:57:11,17,31,Ligue 1,54.0,20.0
118,41f32541,2020-2021,Fernando,Sevilla,33,31,2546,3,4,3.4,0.7,5.0,4.0,19,19,365,131,108.0,40,0,16,0.02,0.15,2020-10-28 13:30:54,2021-06-06 03:25:36,14,23,La Liga,92.0,36.0
119,420d7c7d,2020-2021,Luke Ayling,Leeds United,28,38,3399,0,0,2.6,1.4,25.0,6.0,25,26,533,187,172.0,29,2,53,0.21,-3.04,2021-04-12 15:23:16,2021-06-06 00:53:48,38,61,Premier League,203.0,49.0
120,42fd9c7f,2020-2021,Kylian Mbappé,Paris S-G,21,31,2380,27,7,4.6,20.1,98.0,47.0,35,65,183,57,16.0,23,1,38,0.95,1.14,2020-10-28 13:45:54,2021-06-06 00:55:28,88,189,Ligue 1,61.0,107.0
121,436a9dd0,2020-2021,Ander Herrera,Paris S-G,30,31,1851,1,3,2.6,1.2,21.0,4.0,26,16,429,126,81.0,32,1,16,0.38,0.11,2021-04-12 14:54:59,2021-06-06 00:56:06,16,23,Ligue 1,136.0,52.0
122,43b78598,2020-2021,Mauro Icardi,Paris S-G,27,20,1079,7,3,3.1,8.8,38.0,13.0,14,7,164,44,10.0,9,0,11,0.21,0.3,2020-10-28 13:46:34,2021-06-06 00:57:29,4,4,Ligue 1,10.0,23.0
123,4431aed2,2020-2021,Ciro Immobile,Lazio,30,35,2849,20,6,6.7,13.9,114.0,44.0,54,58,440,129,20.0,37,0,44,0.95,0.62,2020-10-28 15:34:49,2021-06-06 03:28:28,32,49,Serie A,62.0,120.0
124,44781702,2020-2021,Ben Davies,Tottenham,27,20,1346,0,1,0.6,0.2,3.0,0.0,7,5,184,42,39.0,19,0,14,-0.45,-0.34,2020-10-27 22:19:10,2021-06-06 00:43:29,5,9,Premier League,43.0,17.0
125,45963054,2020-2021,Jamie Vardy,Leicester City,33,34,2840,15,9,4.9,12.8,73.0,27.0,27,18,295,79,23.0,26,0,25,0.38,-0.2,2021-06-06 00:00:42,2021-06-06 00:00:42,31,52,Premier League,25.0,65.0
126,45a03961,2020-2021,Benjamin Pavard,Bayern Munich,24,24,1943,0,0,1.9,0.4,11.0,3.0,14,7,255,97,74.0,18,2,22,-0.12,-0.32,2020-10-28 13:50:11,2021-06-06 01:00:24,5,7,Bundesliga,164.0,28.0
127,45af8a54,2020-2021,Marco Asensio,Real Madrid,24,35,1869,5,2,3.0,4.9,42.0,11.0,36,21,206,46,28.0,6,0,28,-0.14,-0.5,2021-04-12 14:46:28,2021-06-06 03:24:04,38,56,La Liga,75.0,71.0
128,45b9b619,2020-2021,Joaquín Correa,Lazio,25,28,1933,8,3,2.0,7.8,54.0,22.0,28,57,339,108,26.0,24,0,52,-0.9,-0.25,2020-10-28 15:35:51,2021-06-06 03:29:23,33,70,Serie A,53.0,86.0
129,45db685d,2020-2021,Jorginho,Chelsea,28,28,2010,7,1,2.1,0.1,6.0,0.0,24,19,468,166,110.0,32,1,29,0.44,0.35,2020-10-27 23:29:31,2021-06-06 00:46:59,18,25,Premier League,115.0,51.0
130,4601e194,2020-2021,Jordi Alba,Barcelona,31,35,3025,3,5,7.4,2.4,27.0,11.0,51,14,346,97,92.0,21,0,15,0.88,0.05,2020-10-28 00:17:12,2021-06-06 00:10:58,17,37,La Liga,210.0,86.0
131,47a34c4f,2020-2021,Mohamed Elneny,Arsenal,28,23,1544,1,0,0.2,0.5,9.0,2.0,4,7,197,57,36.0,10,1,10,-0.02,-0.35,2021-04-12 15:15:48,2021-06-06 00:45:29,7,9,Premier League,60.0,16.0
132,4806ec67,2020-2021,Jordan Pickford,Everton,26,31,2742,0,0,0.0,0.0,0.0,0.0,1,0,9,3,,1,2,3,-0.03,0.1,2020-10-27 22:14:40,2021-06-06 00:52:18,0,0,Premier League,0.0,7.0
133,48b3dd60,2020-2021,Arthur Melo,Juventus,23,22,1157,1,0,0.9,0.2,3.0,1.0,17,15,208,62,38.0,11,2,20,0.09,-0.11,2020-10-28 00:18:01,2021-06-06 00:39:59,16,18,Serie A,66.0,26.0
134,48d5bd33,2020-2021,Ruslan Malinovskyi,Atalanta,27,36,1876,8,12,9.7,5.7,69.0,23.0,75,61,411,111,26.0,45,1,55,1.11,0.2,2020-10-28 15:41:04,2021-06-06 03:33:22,53,84,Serie A,154.0,126.0
135,49296448,2020-2021,Joshua Kimmich,Bayern Munich,25,27,2194,4,10,6.6,2.5,37.0,14.0,67,26,429,137,86.0,19,0,43,0.95,1.06,2020-10-28 13:50:02,2021-06-06 01:00:11,22,34,Bundesliga,230.0,117.0
136,4958bfb2,2020-2021,Dani Carvajal,Real Madrid,28,13,950,0,2,0.8,0.6,10.0,2.0,9,6,147,57,48.0,16,1,11,0.28,0.04,2020-10-28 00:19:12,2021-06-06 03:24:41,10,16,La Liga,52.0,18.0
137,49fe9070,2020-2021,Timo Werner,Chelsea,24,35,2602,6,8,6.1,11.9,80.0,31.0,34,51,381,111,34.0,27,0,31,0.91,-0.13,2020-10-28 13:52:17,2021-06-06 00:46:28,30,79,Premier League,56.0,85.0
138,4a56052c,2020-2021,Jordan Veretout,Roma,27,29,2053,10,2,2.4,3.7,35.0,14.0,25,15,352,92,39.0,33,3,13,0.66,0.23,2020-10-28 15:37:29,2021-06-06 03:31:10,13,22,Serie A,111.0,59.0
139,4a5a45c7,2020-2021,Lorenzo Pellegrini,Roma,24,34,2598,7,6,7.7,5.7,70.0,26.0,63,31,507,137,76.0,42,1,51,0.78,0.23,2020-10-28 15:37:43,2021-06-06 03:30:46,34,64,Serie A,126.0,125.0
140,4b3e1a38,2020-2021,Amir Rrahmani,Napoli,26,16,1094,1,0,0.0,0.6,5.0,2.0,0,0,141,44,24.0,10,1,8,0.07,-0.11,2021-06-06 00:04:12,2021-06-06 00:04:12,3,3,Serie A,17.0,4.0
141,4c370d81,2020-2021,Roberto Firmino,Liverpool,28,36,2838,9,7,6.4,12.6,83.0,32.0,46,53,598,175,45.0,22,0,17,-0.67,-0.07,2020-10-28 15:05:20,2021-06-06 00:41:08,50,73,Premier League,134.0,107.0
142,4c3a6744,2020-2021,Justin Kluivert,RB Leipzig,21,19,813,3,1,1.2,3.6,18.0,7.0,12,21,126,35,8.0,14,0,14,-0.37,-0.52,2020-10-28 15:37:59,2021-06-06 01:03:05,23,41,Bundesliga,14.0,23.0
143,4c78b5ed,2020-2021,Lucas Leiva,Lazio,33,32,2131,0,0,0.3,0.4,12.0,3.0,6,15,505,171,115.0,47,0,25,0.25,0.69,2020-10-28 15:35:45,2021-06-06 03:29:14,6,14,Serie A,153.0,28.0
144,4cde5509,2020-2021,Zlatan Ibrahimović,Milan,38,19,1493,15,2,1.5,12.1,76.0,34.0,15,19,121,36,14.0,33,1,25,-0.47,-0.02,2020-10-28 15:27:51,2021-06-06 01:04:22,15,23,Serie A,59.0,62.0
145,4d1666ff,2020-2021,Jules Koundé,Sevilla,21,34,2975,2,1,0.7,2.1,21.0,6.0,8,14,242,110,73.0,20,1,23,0.61,-0.26,2020-10-28 13:31:24,2021-06-06 03:25:10,32,43,La Liga,141.0,28.0
146,4d224fe8,2020-2021,Casemiro,Real Madrid,28,34,2901,6,4,3.6,4.7,45.0,11.0,25,24,510,185,150.0,55,0,55,1.21,1.47,2020-10-28 00:18:40,2021-06-06 03:23:22,16,23,La Liga,111.0,53.0
147,4dbd0916,2020-2021,Thomas Lemar,Atlético Madrid,24,27,1366,1,3,2.0,1.3,23.0,10.0,20,30,311,85,45.0,15,0,23,0.13,-0.11,2020-10-28 13:35:26,2021-06-06 03:28:06,41,47,La Liga,68.0,36.0
148,4e219ad2,2020-2021,Suso,Sevilla,26,34,2210,3,4,4.5,2.1,48.0,17.0,42,46,227,68,29.0,25,0,37,0.58,0.23,2020-10-28 13:32:30,2021-06-06 03:25:48,51,66,La Liga,111.0,100.0
149,4e6dbac4,2020-2021,Sergej Milinković-Savić,Lazio,25,32,2746,8,9,6.4,5.7,64.0,21.0,41,51,526,148,111.0,57,0,50,0.03,-0.29,2020-10-28 15:35:11,2021-06-06 03:28:52,25,46,Serie A,161.0,81.0
150,4f28a6ff,2020-2021,Clément Lenglet,Barcelona,25,33,2475,1,0,0.9,1.4,11.0,5.0,7,5,337,122,76.0,50,0,33,-0.26,0.25,2020-10-28 00:16:58,2021-06-06 00:11:28,11,16,La Liga,134.0,26.0
151,4f565d77,2020-2021,Kalvin Phillips,Leeds United,24,29,2428,1,2,3.8,0.4,15.0,5.0,34,30,638,192,123.0,47,1,32,0.81,0.25,2021-04-12 15:24:04,2021-06-06 00:54:17,17,26,Premier League,104.0,58.0
152,4fb9c88f,2020-2021,Curtis Jones,Liverpool,19,24,1179,1,2,1.6,1.4,19.0,8.0,13,27,234,70,38.0,18,1,13,0.12,-0.08,2021-04-12 15:08:04,2021-06-06 00:41:40,15,29,Premier League,66.0,37.0
153,507c7bdf,2020-2021,Bruno Fernandes,Manchester Utd,25,37,3099,18,12,11.0,7.8,110.0,40.0,94,40,718,179,82.0,43,0,53,1.46,1.03,2020-10-27 23:17:20,2021-06-06 00:48:16,26,56,Premier League,227.0,168.0
154,515ebe8d,2020-2021,Nathaniel Phillips,Liverpool,23,17,1456,1,1,0.4,1.1,13.0,1.0,6,2,193,69,47.0,20,0,9,0.75,0.22,2021-04-12 15:08:12,2021-06-06 00:41:36,1,1,Premier League,60.0,11.0
155,51a3c4c8,2020-2021,Felipe,Atlético Madrid,31,31,2057,0,0,0.2,0.9,11.0,2.0,3,3,184,54,81.0,29,0,14,-0.8,-0.54,2020-10-28 13:33:50,2021-06-06 03:27:46,3,3,La Liga,40.0,8.0
156,51cf8561,2020-2021,Oleksandr Zinchenko,Manchester City,23,20,1478,0,0,1.3,0.7,16.0,4.0,13,5,149,45,41.0,9,0,4,0.53,0.23,2020-10-27 23:15:02,2021-06-06 00:51:23,5,11,Premier League,93.0,30.0
157,51dbeea9,2020-2021,Thilo Kehrer,Paris S-G,23,24,1616,0,0,0.7,0.7,7.0,0.0,3,4,202,74,45.0,26,2,9,0.06,-0.05,2021-04-12 14:55:07,2021-06-06 00:56:31,4,7,Ligue 1,48.0,7.0
158,5271c8f1,2020-2021,Benjamin Mendy,Manchester City,26,13,953,2,1,0.4,0.4,6.0,2.0,5,8,125,42,21.0,14,1,0,-0.29,0.27,2020-10-27 23:14:38,2021-06-06 00:51:47,14,17,Premier League,49.0,17.0
159,527f063d,2020-2021,Edinson Cavani,Manchester Utd,33,26,1375,10,3,2.7,7.4,35.0,15.0,15,8,210,59,25.0,21,0,13,-0.07,0.04,2021-04-12 15:17:56,2021-06-06 00:49:29,6,15,Premier League,18.0,34.0
160,5294a83f,2020-2021,Luis Alberto,Lazio,27,34,2618,9,2,8.2,5.3,69.0,29.0,82,51,537,155,64.0,20,0,36,0.35,0.27,2020-10-28 15:35:03,2021-06-06 03:28:41,50,83,Serie A,289.0,144.0
161,529f49ab,2020-2021,Thomas Partey,Arsenal,27,24,1534,0,2,1.0,1.3,26.0,4.0,12,21,276,95,73.0,18,0,17,-0.23,-0.11,2020-10-28 13:33:25,2021-06-06 00:45:10,23,32,Premier League,108.0,29.0
162,52ec54d0,2020-2021,Leonardo Bonucci,Juventus,33,26,2028,2,0,0.6,2.7,16.0,3.0,3,2,147,53,42.0,21,0,16,-0.12,-0.24,2020-10-28 15:32:07,2021-06-06 00:39:17,4,5,Serie A,75.0,9.0
163,536cebe5,2020-2021,Ante Rebić,Milan,26,27,1776,11,4,5.3,7.3,44.0,23.0,34,44,327,86,38.0,33,0,15,0.93,0.83,2020-10-28 15:28:09,2021-06-06 01:04:18,25,47,Serie A,46.0,71.0
164,539230cf,2020-2021,Andrea Ranocchia,Inter,32,8,703,0,1,0.1,1.1,9.0,2.0,2,3,67,19,25.0,13,0,7,0.95,0.4,2021-05-30 23:46:03,2021-06-06 01:07:00,0,0,Serie A,18.0,5.0
165,53af52f3,2020-2021,Kasper Schmeichel,Leicester City,33,38,3420,0,0,0.0,0.0,0.0,0.0,0,0,5,0,,0,0,4,,,2021-06-06 00:00:31,2021-06-06 00:00:31,1,2,Premier League,0.0,1.0
166,53cad200,2020-2021,César Azpilicueta,Chelsea,30,26,2188,1,2,2.6,0.8,11.0,4.0,26,13,346,106,89.0,32,1,14,0.56,0.24,2020-10-27 23:29:01,2021-06-06 00:46:47,5,10,Premier League,116.0,42.0
167,53de807a,2020-2021,Ștefan Radu,Lazio,33,31,2458,0,3,1.4,0.3,6.0,0.0,18,9,247,109,89.0,20,2,21,0.87,0.49,2020-10-28 15:35:29,2021-06-06 03:29:06,14,18,Serie A,148.0,38.0
168,55126f3b,2020-2021,Koke,Atlético Madrid,28,37,3021,1,2,2.6,1.9,17.0,7.0,38,27,616,177,116.0,46,0,45,-0.03,0.23,2020-10-28 13:33:19,2021-06-06 03:26:58,28,40,La Liga,217.0,72.0
169,555f3a0b,2020-2021,Mario Hermoso,Atlético Madrid,25,31,2578,1,1,0.4,1.2,19.0,5.0,9,11,261,77,95.0,29,0,30,-0.94,-0.63,2020-10-28 13:34:48,2021-06-06 03:27:16,11,17,La Liga,147.0,25.0
170,56f7a928,2020-2021,Youri Tielemans,Leicester City,23,38,3357,6,4,3.3,3.0,47.0,18.0,48,47,505,182,113.0,37,0,55,0.48,-1.19,2021-06-06 00:00:36,2021-06-06 00:00:36,40,57,Premier League,206.0,109.0
171,57d88cf9,2020-2021,Jude Bellingham,Dortmund,17,29,1697,1,3,3.3,3.0,34.0,9.0,14,38,434,126,75.0,40,0,52,-0.49,0.42,2021-04-12 14:57:46,2021-06-06 00:58:35,31,51,Bundesliga,76.0,41.0
172,57e3f0c7,2020-2021,Nicolas Pépé,Arsenal,25,29,1616,10,1,0.9,6.2,48.0,20.0,11,36,234,60,38.0,10,1,26,-0.27,-0.62,2020-10-27 23:26:27,2021-06-06 00:45:41,31,78,Premier League,40.0,37.0
173,58a9a4d9,2020-2021,Óliver Torres,Sevilla,25,33,1400,0,3,1.7,0.8,10.0,3.0,28,25,307,92,52.0,21,0,17,-0.46,-0.08,2020-10-28 13:31:42,2021-06-06 03:26:12,30,39,La Liga,86.0,52.0
174,58eee997,2020-2021,Mason Greenwood,Manchester Utd,18,31,1822,7,2,1.8,7.4,67.0,23.0,15,37,263,74,28.0,17,0,20,-0.05,-0.17,2020-10-27 23:17:35,2021-06-06 00:49:17,38,73,Premier League,42.0,50.0
175,5976f83e,2020-2021,Sergiño Dest,Barcelona,19,30,1909,2,1,2.6,2.5,14.0,5.0,22,30,319,93,48.0,16,0,11,-0.13,-0.24,2021-04-12 14:44:12,2021-06-06 00:11:40,33,59,La Liga,60.0,38.0
176,59bf127b,2020-2021,Tiemoué Bakayoko,Napoli,25,32,1964,2,1,0.8,1.1,16.0,4.0,11,20,365,123,106.0,36,0,52,-0.41,-0.07,2021-06-06 00:03:11,2021-06-06 00:03:11,22,27,Serie A,69.0,35.0
177,59e6e5bf,2020-2021,Dominic Calvert-Lewin,Everton,23,33,2871,16,0,2.0,15.3,81.0,46.0,17,50,347,97,22.0,37,0,40,0.55,0.73,2020-10-27 22:14:48,2021-06-06 00:52:11,20,46,Premier League,36.0,50.0
178,5aa53281,2020-2021,Gianluca Mancini,Roma,24,33,2852,4,2,0.9,2.5,29.0,12.0,7,7,440,153,137.0,67,0,27,-0.06,-0.09,2020-10-28 15:37:12,2021-06-06 03:30:35,12,15,Serie A,129.0,29.0
179,5ab0ea87,2020-2021,Sergio Busquets,Barcelona,32,36,2517,0,5,3.6,0.2,3.0,1.0,30,12,551,172,109.0,46,2,59,-0.08,-0.33,2020-10-28 00:16:48,2021-06-06 00:11:16,13,17,La Liga,218.0,68.0
180,5c2b4f07,2020-2021,Serge Aurier,Tottenham,27,19,1605,2,3,1.9,1.4,14.0,6.0,12,20,384,112,97.0,23,2,15,0.23,-0.35,2020-10-27 22:17:45,2021-06-06 00:43:05,18,35,Premier League,61.0,34.0
181,5cdddffa,2020-2021,Tanguy Ndombele,Tottenham,23,33,2091,3,2,2.4,1.4,18.0,7.0,16,49,454,152,79.0,27,0,60,0.1,-0.65,2020-10-27 22:19:44,2021-06-06 00:42:47,70,97,Premier League,101.0,57.0
182,5d4f7d61,2020-2021,Patrik Schick,Leverkusen,24,29,1866,9,1,2.3,9.7,57.0,23.0,21,29,227,60,16.0,28,0,22,0.55,0.09,2020-10-28 13:53:31,2021-05-30 21:32:32,25,38,,,
183,5dfc6ad5,2020-2021,Axel Witsel,Dortmund,31,15,1130,0,0,0.6,1.0,12.0,2.0,5,8,161,59,35.0,15,0,20,-0.59,0.04,2020-10-28 13:48:43,2021-06-06 00:59:18,9,13,Bundesliga,51.0,19.0
184,5e861944,2020-2021,Matteo Politano,Napoli,26,37,1908,9,4,3.1,5.2,62.0,20.0,37,30,277,68,42.0,15,0,47,-0.22,0.02,2021-06-06 00:03:23,2021-06-06 00:03:23,38,61,Serie A,69.0,91.0
185,5ea8ef20,2020-2021,Mattéo Guendouzi,Hertha BSC,21,24,1818,2,1,1.4,1.0,17.0,9.0,15,35,270,92,49.0,24,1,47,0.55,0.58,2021-05-30 21:02:45,2021-05-30 21:02:45,16,30,,,
186,5eae500a,2020-2021,Romelu Lukaku,Inter,27,36,2884,24,11,7.8,18.1,89.0,42.0,50,62,291,80,14.0,34,0,49,-0.31,0.0,2020-10-28 15:29:35,2021-06-06 01:05:41,38,69,Serie A,69.0,114.0
187,5eecec3d,2020-2021,John Stones,Manchester City,26,22,1933,4,0,0.1,2.2,15.0,5.0,2,1,131,51,40.0,7,0,10,1.3,0.82,2020-10-27 23:15:20,2021-06-06 00:51:11,10,12,Premier League,75.0,14.0
188,5f0241b2,2020-2021,Sergio Rico,Paris S-G,26,10,810,0,0,0.0,0.0,,,0,0,0,0,,0,0,0,-0.11,0.37,2021-04-12 14:56:20,2021-06-06 00:57:35,0,0,Ligue 1,0.0,0.0
189,5fd5e542,2020-2021,Mateu Morey,Dortmund,20,13,829,0,2,0.6,0.1,2.0,0.0,7,4,111,33,30.0,12,1,8,-0.43,-0.53,2021-04-12 14:58:35,2021-06-06 00:59:23,4,9,Bundesliga,48.0,19.0
190,6025fab1,2020-2021,Luka Modrić,Real Madrid,34,35,2733,5,3,4.2,2.7,45.0,15.0,49,30,375,105,93.0,30,0,33,-0.68,-0.58,2020-10-28 00:19:28,2021-06-06 03:23:30,56,77,La Liga,219.0,95.0
191,603116a7,2020-2021,Marcelo,Real Madrid,32,16,1050,0,2,1.2,0.4,12.0,0.0,16,9,145,48,34.0,10,0,15,-0.74,-0.21,2020-10-28 00:19:53,2021-06-06 03:24:34,16,24,La Liga,81.0,38.0
192,63d17038,2020-2021,Paulo Gazzaniga,Elche,28,8,720,0,0,0.1,0.0,,,1,0,1,1,,0,0,1,0.38,0.72,2021-05-30 20:57:59,2021-05-30 20:57:59,0,0,,,
193,6434f10d,2020-2021,Rodri,Manchester City,24,34,2748,2,2,1.7,1.7,31.0,7.0,27,22,515,197,123.0,44,2,30,-0.66,0.17,2020-10-27 23:13:26,2021-06-06 00:50:17,29,35,Premier League,156.0,73.0
194,64e8ed6d,2020-2021,Borja Mayoral,Roma,23,31,1551,10,3,1.7,8.3,41.0,16.0,22,31,272,74,9.0,10,1,27,0.58,-0.04,2021-04-12 15:47:30,2021-06-06 03:31:48,15,25,Serie A,21.0,51.0
195,652d4c37,2020-2021,Corentin Tolisso,Bayern Munich,25,16,781,1,0,0.5,2.3,12.0,7.0,9,7,154,38,20.0,12,0,15,-0.32,-0.29,2020-10-28 13:52:02,2021-06-06 01:01:17,6,9,Bundesliga,51.0,19.0
196,6622454d,2020-2021,Hakim Ziyech,Chelsea,27,23,1172,2,3,3.7,1.9,35.0,12.0,34,19,224,61,20.0,19,0,15,0.17,-0.11,2021-04-12 15:13:16,2021-06-06 00:47:47,18,34,Premier League,70.0,70.0
197,67ac5bb8,2020-2021,Gabriel Dos Santos,Arsenal,22,23,1996,2,0,0.1,1.0,16.0,4.0,2,4,151,55,51.0,24,2,26,-0.58,-0.23,2021-04-12 15:15:01,2021-06-06 00:44:59,4,9,Premier League,53.0,10.0
198,67ca8566,2020-2021,Stuart Dallas,Leeds United,29,38,3409,8,2,2.1,4.6,48.0,18.0,27,42,587,190,138.0,41,1,51,8.42,6.74,2021-04-12 15:23:08,2021-06-06 00:53:41,22,37,Premier League,182.0,74.0
199,67cdbc0e,2020-2021,Arturo Vidal,Inter,33,23,1138,1,1,1.3,2.5,21.0,3.0,10,6,290,80,50.0,29,0,16,0.24,0.23,2020-10-28 00:17:44,2021-06-06 01:06:48,5,7,Serie A,71.0,34.0
200,68252d6d,2020-2021,Josip Iličić,Atalanta,32,28,1526,6,9,7.8,4.1,57.0,18.0,62,64,194,54,15.0,22,2,71,0.19,0.39,2020-10-28 15:40:48,2021-06-06 03:33:40,56,88,Serie A,140.0,103.0
201,6928979a,2020-2021,Nicolò Barella,Inter,23,36,2896,3,7,5.4,2.6,36.0,9.0,47,41,568,154,93.0,44,0,53,-2.38,-0.6,2020-10-28 15:30:23,2021-06-06 01:05:34,39,54,Serie A,222.0,93.0
202,69384e5d,2020-2021,Neymar,Paris S-G,28,18,1415,9,5,7.2,7.7,64.0,16.0,54,68,211,65,20.0,33,0,67,-0.76,0.54,2020-10-28 13:46:26,2021-06-06 00:56:53,97,166,Ligue 1,133.0,130.0
203,6b47c5db,2020-2021,Wilfred Ndidi,Leicester City,23,26,2176,1,4,1.5,0.8,16.0,1.0,15,18,489,183,170.0,53,0,16,0.63,0.01,2021-06-06 00:01:06,2021-06-06 00:01:06,11,20,Premier League,57.0,33.0
204,6b625ac2,2020-2021,Illan Meslier,Leeds United,20,35,3150,0,0,0.1,0.0,,,1,1,7,2,,1,3,8,-0.86,0.06,2021-04-12 15:23:32,2021-06-06 00:53:59,0,0,Premier League,0.0,3.0
205,6c17e046,2020-2021,Tyler Roberts,Leeds United,21,27,1340,1,2,1.8,2.1,26.0,12.0,15,19,261,64,27.0,23,1,33,-0.24,-0.49,2021-04-12 15:25:01,2021-06-06 00:54:47,17,27,Premier League,43.0,37.0
206,6ca5ec4b,2020-2021,Alex Iwobi,Everton,24,30,1542,1,2,1.8,1.1,15.0,3.0,16,28,225,73,51.0,13,0,13,0.37,-0.17,2020-10-27 22:03:16,2021-06-06 00:53:23,46,71,Premier League,73.0,46.0
207,6ce1f46f,2020-2021,Toni Kroos,Real Madrid,30,28,2117,3,10,6.7,2.2,34.0,12.0,66,11,434,114,61.0,27,2,31,-0.46,-0.37,2020-10-28 00:19:20,2021-06-06 03:23:46,17,23,La Liga,198.0,107.0
208,6d5701f2,2020-2021,Yerry Mina,Everton,25,24,1937,2,0,0.0,1.3,17.0,4.0,0,3,148,43,38.0,22,1,11,1.24,0.6,2020-10-27 22:14:56,2021-06-06 00:52:59,0,1,Premier League,45.0,4.0
209,6e4df551,2020-2021,Papu Gómez,Sevilla,32,18,914,3,1,1.1,1.2,18.0,10.0,15,23,153,48,32.0,15,0,22,0.49,0.72,2021-04-12 15:50:19,2021-06-06 03:34:10,13,21,La Liga,36.0,37.0
210,6eee05f1,2020-2021,Berat Djimsiti,Atalanta,27,33,2625,0,3,2.2,2.1,21.0,1.0,15,12,308,122,89.0,31,0,26,0.15,0.07,2020-10-28 15:39:36,2021-06-06 03:33:06,7,10,Serie A,138.0,38.0
211,6f51e382,2020-2021,Marc-André ter Stegen,Barcelona,28,31,2790,0,0,0.0,0.1,1.0,0.0,0,0,1,0,,1,1,1,0.64,1.11,2021-04-12 14:43:32,2021-06-06 00:11:22,0,1,La Liga,1.0,5.0
212,6fe90922,2020-2021,Ivan Perišić,Inter,31,32,1795,4,3,4.5,4.4,35.0,10.0,30,14,222,68,40.0,13,0,2,-0.35,-0.16,2020-10-28 13:51:39,2021-06-06 01:06:18,7,18,Serie A,49.0,47.0
213,70d74ece,2020-2021,Karim Benzema,Real Madrid,32,34,2894,23,9,6.3,17.0,122.0,50.0,37,39,245,42,26.0,18,0,25,1.21,1.08,2020-10-28 00:18:32,2021-06-06 03:23:16,39,60,La Liga,82.0,100.0
214,7111d552,2020-2021,Vinicius Júnior,Real Madrid,20,35,1969,3,3,3.1,6.5,42.0,13.0,31,46,445,119,42.0,27,0,54,-0.48,-0.08,2020-10-28 00:20:16,2021-06-06 03:23:58,60,110,La Liga,49.0,70.0
215,715bf047,2020-2021,James Rodríguez,Everton,29,23,1764,6,4,5.4,3.4,37.0,19.0,43,38,250,61,36.0,17,0,40,0.27,0.2,2021-04-12 15:22:13,2021-06-06 00:53:05,29,46,Premier League,132.0,72.0
216,72c812f3,2020-2021,Idrissa Gana Gueye,Paris S-G,30,28,1581,2,1,0.6,0.7,19.0,7.0,12,23,395,129,94.0,35,0,19,-0.51,-0.49,2020-10-28 13:45:47,2021-06-06 00:55:59,24,36,Ligue 1,120.0,46.0
217,74419746,2020-2021,Samir Handanović,Inter,36,37,3240,0,0,0.0,0.0,0.0,0.0,0,0,3,1,,0,2,4,-1.67,-0.7,2020-10-28 15:29:29,2021-06-06 01:05:25,0,0,Serie A,0.0,3.0
218,75b86fb3,2020-2021,Alessandro Bastoni,Inter,21,33,2922,0,3,1.8,1.2,11.0,2.0,11,10,296,87,81.0,39,1,28,-0.24,-0.12,2020-10-28 15:30:32,2021-06-06 01:05:29,7,10,Serie A,125.0,31.0
219,76dd1480,2020-2021,Gylfi Sigurðsson,Everton,30,36,2253,6,5,4.8,3.8,45.0,12.0,45,36,476,114,66.0,22,0,18,0.08,-0.15,2020-10-27 22:02:28,2021-06-06 00:52:48,15,26,Premier League,62.0,67.0
220,77e39b04,2020-2021,Francisco Trincão,Barcelona,20,28,706,3,2,1.0,3.1,23.0,12.0,7,21,121,26,11.0,6,0,13,0.85,-0.28,2021-05-30 23:29:31,2021-06-06 00:12:40,22,36,La Liga,24.0,21.0
221,77e84962,2020-2021,Thiago Alcántara,Liverpool,29,24,1854,1,0,2.3,1.4,22.0,5.0,29,18,462,135,110.0,49,0,25,0.2,0.27,2020-10-28 13:51:05,2021-06-06 00:41:23,28,42,Premier League,184.0,61.0
222,780e3631,2020-2021,Matteo Pessina,Atalanta,23,28,1645,2,2,2.4,2.5,22.0,10.0,23,29,275,100,31.0,24,0,23,0.14,0.12,2021-04-12 15:49:22,2021-06-06 03:33:29,17,38,Serie A,94.0,54.0
223,79300479,2020-2021,Martin Ødegaard,Arsenal,21,14,866,1,2,2.1,1.1,15.0,3.0,21,11,184,44,12.0,1,0,9,0.41,0.04,2021-05-31 00:01:38,2021-06-06 00:45:59,12,18,Premier League,48.0,42.0
224,7956236f,2020-2021,Emiliano Martínez,Aston Villa,27,38,3420,0,0,0.2,0.0,0.0,0.0,2,0,6,1,,1,1,9,,,2020-10-27 23:28:27,2021-05-30 21:04:21,0,0,,,
225,79c0821a,2020-2021,Mateo Kovačić,Chelsea,26,27,1815,0,1,1.8,1.0,23.0,4.0,23,30,334,116,77.0,17,1,30,-1.23,-0.23,2020-10-27 23:29:57,2021-06-06 00:47:17,44,54,Premier League,165.0,49.0
226,7a2e46a8,2020-2021,Alisson,Liverpool,27,33,2970,1,0,0.0,0.1,1.0,1.0,0,0,5,1,,1,7,5,0.79,0.53,2020-10-28 15:05:44,2021-06-06 00:41:07,3,3,Premier League,1.0,5.0
227,7ba6d84e,2020-2021,David de Gea,Manchester Utd,29,26,2295,0,0,0.0,0.0,,,0,0,0,0,,0,0,3,-0.65,-0.32,2020-10-27 23:15:42,2021-06-06 00:48:59,0,0,Premier League,0.0,2.0
228,7c56da38,2020-2021,Christopher Nkunku,RB Leipzig,22,28,1892,6,6,7.5,7.8,56.0,26.0,71,48,415,126,35.0,40,0,50,0.58,0.63,2020-10-28 13:53:13,2021-06-06 01:02:34,35,60,Bundesliga,77.0,130.0
229,7edfbb8a,2020-2021,Fikayo Tomori,Milan,22,17,1466,1,0,0.0,0.4,5.0,4.0,0,2,217,85,54.0,14,1,1,0.63,0.27,2021-04-12 15:38:33,2021-06-06 01:04:41,5,6,Serie A,37.0,4.0
230,7f3b388c,2020-2021,Fabinho,Liverpool,26,30,2567,0,0,0.4,0.4,10.0,1.0,3,13,351,115,121.0,29,0,27,0.63,0.08,2020-10-28 15:06:01,2021-06-06 00:41:18,5,9,Premier League,102.0,23.0
231,7fa4e703,2020-2021,Gio Reyna,Dortmund,17,32,1976,4,5,4.3,4.5,38.0,12.0,34,61,361,115,46.0,28,0,48,-0.74,0.03,2021-04-12 14:57:22,2021-06-06 00:58:29,49,87,Bundesliga,58.0,69.0
232,7fd58fe3,2020-2021,Senad Lulić,Lazio,34,16,718,0,0,0.8,0.4,6.0,3.0,4,6,112,30,27.0,13,0,3,0.28,0.66,2021-05-30 23:49:57,2021-06-06 03:30:06,10,16,Serie A,23.0,12.0
233,810e3c74,2020-2021,Jesse Lingard,West Ham,27,16,1421,9,4,1.5,3.4,40.0,20.0,17,29,335,71,22.0,22,0,24,0.52,0.0,2021-05-30 21:07:10,2021-05-30 21:07:10,21,49,,,
234,81442ecb,2020-2021,Marcos Acuña,Sevilla,28,30,2330,1,2,2.8,1.1,18.0,3.0,33,33,345,117,97.0,45,0,33,-0.56,0.48,2021-04-12 14:48:28,2021-06-06 03:25:53,41,60,La Liga,122.0,58.0
235,817c6964,2020-2021,Rade Krunić,Milan,26,25,723,1,2,1.1,0.7,8.0,5.0,7,7,166,43,20.0,11,0,21,0.0,-0.93,2021-05-30 23:44:20,2021-06-06 01:05:12,6,10,Serie A,16.0,18.0
236,819aa8e7,2020-2021,Ayoze Pérez,Leicester City,27,25,1331,2,1,1.3,3.2,31.0,13.0,23,31,343,91,51.0,31,0,23,0.11,0.11,2021-06-06 00:01:53,2021-06-06 00:01:53,27,55,Premier League,54.0,48.0
237,819b3158,2020-2021,İlkay Gündoğan,Manchester City,29,28,2029,13,2,4.5,7.5,52.0,21.0,42,14,215,65,44.0,9,0,26,0.95,0.48,2020-10-27 23:14:14,2021-06-06 00:50:41,30,43,Premier League,118.0,83.0
238,82b1198a,2020-2021,David Ospina,Napoli,31,16,1440,0,1,0.1,0.0,,,2,0,0,0,,1,0,4,0.22,0.34,2021-06-06 00:04:00,2021-06-06 00:04:00,1,1,Serie A,0.0,5.0
239,82efe6fa,2020-2021,Roger Ibanez,Roma,21,30,2398,0,2,0.6,0.9,16.0,4.0,8,13,356,130,127.0,53,0,32,0.25,0.45,2021-04-12 15:46:26,2021-06-06 03:30:59,20,35,Serie A,90.0,28.0
240,852351df,2020-2021,Bruno Peres,Roma,30,30,1427,1,2,4.1,1.2,12.0,6.0,28,16,153,39,47.0,23,0,16,0.2,0.07,2020-10-28 15:38:48,2021-06-06 03:31:54,14,25,Serie A,41.0,42.0
241,85f7d1be,2020-2021,Pierre Kalulu,Milan,20,13,727,1,1,0.4,0.6,3.0,1.0,3,3,127,39,36.0,9,0,2,-0.79,-0.34,2021-04-12 15:38:41,2021-06-06 01:05:05,3,3,Serie A,29.0,8.0
242,86695068,2020-2021,Dennis Praet,Leicester City,26,15,718,1,1,0.8,0.5,8.0,2.0,7,13,132,32,21.0,12,0,2,-0.44,0.13,2021-06-06 00:02:12,2021-06-06 00:02:12,10,16,Premier League,20.0,13.0
243,867239d3,2020-2021,Paul Pogba,Manchester Utd,27,26,1897,3,3,2.1,2.1,31.0,11.0,24,48,299,99,62.0,41,0,37,-0.65,-0.6,2020-10-27 23:17:26,2021-06-06 00:49:10,45,74,Premier League,111.0,68.0
244,8696bc90,2020-2021,Munir El Haddadi,Sevilla,24,24,845,4,2,1.6,3.5,32.0,13.0,11,25,160,39,14.0,22,0,28,0.72,0.12,2020-10-28 13:31:49,2021-06-06 03:26:34,14,20,La Liga,24.0,25.0
245,86dd77d1,2020-2021,Kyle Walker,Manchester City,30,24,1946,1,1,0.5,0.2,10.0,3.0,7,21,236,78,52.0,26,0,11,-0.11,-1.01,2020-10-27 23:13:34,2021-06-06 00:51:06,30,47,Premier League,107.0,28.0
246,86e7deaf,2020-2021,Thiago Silva,Chelsea,35,23,1935,2,0,0.3,1.1,13.0,4.0,5,2,102,39,51.0,14,1,16,0.06,0.31,2020-10-28 13:45:39,2021-06-06 00:47:05,2,3,Premier League,78.0,18.0
247,875898c7,2020-2021,Wesley Hoedt,Lazio,26,17,952,0,0,0.1,0.1,3.0,0.0,2,3,103,24,40.0,11,1,2,-0.48,-0.78,2021-04-12 15:45:14,2021-06-06 03:29:42,2,3,Serie A,28.0,6.0
248,8778c910,2020-2021,Manuel Neuer,Bayern Munich,34,33,2970,0,0,0.2,0.0,,,1,1,4,0,1.0,1,0,2,1.67,-1.01,2020-10-28 13:49:55,2021-06-06 00:59:42,2,2,Bundesliga,4.0,4.0
249,8794e251,2020-2021,Adrien Rabiot,Juventus,25,34,2313,4,2,1.1,3.0,34.0,12.0,10,28,485,144,103.0,44,1,21,-0.65,-1.16,2020-10-28 15:33:28,2021-06-06 00:39:05,26,40,Serie A,103.0,42.0
250,88e357ef,2020-2021,Serge Gnabry,Bayern Munich,25,27,1644,10,2,4.6,8.0,59.0,27.0,33,29,298,92,60.0,22,0,22,1.47,0.6,2020-10-28 13:50:42,2021-06-06 01:00:35,36,66,Bundesliga,67.0,79.0
251,892d5bb1,2020-2021,Riyad Mahrez,Manchester City,29,27,1949,9,6,5.9,5.6,58.0,22.0,41,35,253,59,26.0,13,0,30,-0.33,-0.67,2020-10-27 23:14:22,2021-06-06 00:50:52,36,74,Premier League,88.0,84.0
252,89ac64a6,2020-2021,Manuel Akanji,Dortmund,25,28,2350,2,0,0.1,1.8,19.0,4.0,2,6,264,99,84.0,22,1,18,0.12,0.37,2020-10-28 13:48:26,2021-06-06 00:58:05,13,15,Bundesliga,128.0,15.0
253,89b2c8a9,2020-2021,Dries Mertens,Napoli,33,29,1459,9,8,3.7,5.3,55.0,20.0,40,11,342,87,27.0,16,0,9,-0.02,0.07,2021-06-06 00:03:42,2021-06-06 00:03:42,13,25,Serie A,56.0,64.0
254,89f951b5,2020-2021,Ivan Rakitić,Sevilla,32,37,2233,4,2,1.3,3.7,38.0,8.0,21,29,387,111,55.0,34,1,25,0.46,-0.03,2020-10-28 00:17:54,2021-06-06 03:25:58,15,30,La Liga,121.0,54.0
255,8aafd64f,2020-2021,João Félix,Atlético Madrid,20,31,1572,7,5,3.8,3.6,36.0,14.0,20,38,182,59,18.0,16,0,48,-0.03,0.27,2020-10-28 13:34:21,2021-06-06 03:28:10,34,66,La Liga,75.0,46.0
256,8b04d6c1,2020-2021,Pierre Højbjerg,Tottenham,24,38,3420,2,4,1.9,1.1,14.0,7.0,17,30,807,232,167.0,69,0,54,,,2021-04-12 15:08:44,2021-06-06 00:42:17,25,38,Premier League,193.0,52.0
257,8b788c01,2020-2021,Anthony Martial,Manchester Utd,24,22,1480,4,3,2.0,6.5,43.0,21.0,15,47,148,42,5.0,15,0,27,0.26,-0.12,2020-10-27 23:16:22,2021-06-06 00:49:23,34,52,Premier League,43.0,43.0
258,8b8a56ce,2020-2021,Simon Kjær,Milan,31,28,2393,0,2,1.0,1.3,15.0,2.0,4,1,308,92,89.0,26,2,10,-0.01,-0.19,2020-10-28 15:28:25,2021-06-06 01:03:55,0,0,Serie A,72.0,12.0
259,8b9ebd03,2020-2021,Willian,Arsenal,31,25,1406,1,5,2.5,2.1,20.0,3.0,29,21,192,49,28.0,5,0,21,-0.28,0.13,2020-10-27 23:29:23,2021-06-06 00:45:47,12,22,Premier League,49.0,60.0
260,8c90fd7a,2020-2021,Victor Osimhen,Napoli,21,24,1573,10,3,2.7,10.3,64.0,26.0,23,28,316,79,31.0,34,0,36,0.46,0.44,2021-06-06 00:03:53,2021-06-06 00:03:53,16,25,Serie A,10.0,60.0
261,8d62d31a,2020-2021,Joe Rodon,Tottenham,22,12,733,0,0,0.0,0.0,0.0,0.0,0,0,78,20,28.0,2,1,8,-0.77,-0.83,2021-04-12 15:10:53,2021-06-06 00:44:05,0,0,Premier League,10.0,0.0
262,8d78e732,2020-2021,Robert Lewandowski,Bayern Munich,31,29,2458,41,7,3.6,24.7,130.0,56.0,30,52,324,105,25.0,41,0,29,0.71,0.92,2020-10-28 13:50:17,2021-06-06 01:00:04,25,45,Bundesliga,52.0,74.0
263,8f5e92a6,2020-2021,Rodrygo,Real Madrid,19,22,983,1,6,3.0,2.5,26.0,5.0,17,20,220,49,22.0,16,0,23,0.87,0.62,2020-10-28 00:20:34,2021-06-06 03:24:46,19,43,La Liga,36.0,40.0
264,8f62b6ee,2020-2021,Hugo Lloris,Tottenham,33,38,3420,0,0,0.0,0.0,,,0,0,2,0,,0,1,3,,,2020-10-27 22:18:47,2021-06-06 00:42:24,1,1,Premier League,0.0,1.0
265,8fd9996f,2020-2021,Danilo Pereira,Paris S-G,28,23,1430,2,1,0.3,1.8,17.0,5.0,4,13,177,56,53.0,14,1,15,-0.14,-0.17,2021-04-12 14:55:40,2021-06-06 00:56:42,9,10,Ligue 1,60.0,14.0
266,8ff2354e,2020-2021,Marcel Halstenberg,RB Leipzig,28,24,1651,2,2,2.5,1.1,13.0,4.0,27,13,189,85,56.0,18,1,11,0.11,0.22,2020-10-28 13:52:51,2021-06-06 01:02:41,17,23,Bundesliga,151.0,53.0
267,921f6058,2020-2021,José Luis Palomino,Atalanta,30,36,2428,1,2,0.9,0.4,4.0,1.0,9,4,413,147,143.0,49,1,16,-0.58,-0.3,2020-10-28 15:40:16,2021-06-06 03:33:11,1,1,Serie A,87.0,15.0
268,9228b07c,2020-2021,Tom Davies,Everton,22,25,1423,0,1,1.0,0.2,7.0,0.0,7,15,272,91,67.0,28,1,26,-0.5,-0.55,2020-10-27 22:03:00,2021-06-06 00:53:29,16,22,Premier League,47.0,21.0
269,92432bc6,2020-2021,Amadou Haidara,RB Leipzig,22,31,1905,3,1,2.6,4.4,41.0,13.0,33,24,397,122,88.0,23,0,17,-0.3,0.66,2020-10-28 13:54:42,2021-06-06 01:02:14,23,41,Bundesliga,114.0,67.0
270,92e7e919,2020-2021,Son Heung-min,Tottenham,28,37,3114,17,10,8.9,9.5,68.0,35.0,77,64,617,141,52.0,14,0,54,1.31,-0.36,2020-10-27 22:17:59,2021-06-06 00:42:29,38,61,Premier League,64.0,117.0
271,935e6b8f,2020-2021,Jordan Henderson,Liverpool,30,21,1704,1,1,1.4,1.7,14.0,4.0,12,3,184,60,48.0,8,1,12,-0.31,-0.37,2020-10-28 15:05:52,2021-06-06 00:41:30,7,13,Premier League,146.0,33.0
272,93b891d1,2020-2021,Felipe Caicedo,Lazio,31,25,929,8,0,0.7,4.6,30.0,11.0,11,18,169,52,15.0,26,0,17,0.71,0.82,2020-10-28 15:36:15,2021-06-06 03:29:55,13,17,Serie A,19.0,25.0
273,93feac6e,2020-2021,Patrick Bamford,Leeds United,26,38,3050,17,7,4.1,15.7,105.0,45.0,29,38,605,172,39.0,36,0,23,-1.67,0.42,2021-04-12 15:23:24,2021-06-06 00:53:54,17,39,Premier League,31.0,61.0
274,9413b19f,2020-2021,Alex Meret,Napoli,23,22,1980,0,0,0.1,0.0,,,2,0,1,0,,0,1,1,-0.22,-0.34,2021-06-06 00:03:18,2021-06-06 00:03:18,0,0,Serie A,0.0,2.0
275,94b2001f,2020-2021,Danilo,Juventus,29,34,2916,1,4,3.5,1.2,18.0,2.0,27,12,249,80,104.0,25,0,20,1.2,0.1,2020-10-28 15:33:53,2021-06-06 00:38:29,20,22,Serie A,175.0,60.0
276,9674002f,2020-2021,Mason Mount,Chelsea,21,36,2890,6,5,7.8,6.0,82.0,26.0,90,54,687,206,111.0,51,0,44,-0.52,0.46,2020-10-27 23:29:16,2021-06-06 00:46:17,50,79,Premier League,182.0,163.0
277,96e0490d,2020-2021,Matteo Darmian,Inter,30,26,1160,3,3,1.5,1.2,9.0,5.0,11,5,176,45,42.0,21,0,16,-0.98,-0.65,2021-04-12 15:40:50,2021-06-06 01:06:42,2,10,Serie A,32.0,25.0
278,9744ff80,2020-2021,Pablo Sarabia,Paris S-G,28,27,1320,6,4,5.4,4.8,36.0,18.0,27,17,223,63,24.0,7,0,16,0.07,-0.44,2020-10-28 13:47:06,2021-06-06 00:57:17,11,22,Ligue 1,61.0,49.0
279,980522ec,2020-2021,Christian Eriksen,Inter,28,26,1385,3,0,2.6,1.7,30.0,11.0,30,20,177,51,22.0,13,1,4,0.01,0.04,2020-10-27 22:19:51,2021-06-06 01:06:22,10,13,Serie A,71.0,51.0
280,98d2c2c4,2020-2021,Remo Freuler,Atalanta,28,34,2712,2,3,2.8,2.2,21.0,6.0,29,40,639,188,124.0,40,0,31,1.75,0.57,2020-10-28 15:40:25,2021-06-06 03:32:34,38,50,Serie A,226.0,78.0
281,9a2e0ccc,2020-2021,Emil Forsberg,RB Leipzig,28,29,1539,7,4,5.3,3.6,32.0,14.0,33,31,327,98,21.0,15,0,25,-0.48,-0.35,2020-10-28 13:53:45,2021-06-06 01:02:30,27,34,Bundesliga,50.0,75.0
282,9c94165b,2020-2021,Luke Shaw,Manchester Utd,25,32,2654,1,5,5.2,0.7,11.0,6.0,71,30,363,138,90.0,42,2,29,-0.68,-0.93,2020-10-27 23:16:54,2021-06-06 00:48:41,38,60,Premier League,154.0,111.0
283,9d12e142,2020-2021,Roman Bürki,Dortmund,29,19,1665,0,0,0.0,0.0,,,0,0,1,0,,0,0,0,-0.92,-0.3,2020-10-28 13:47:47,2021-06-06 00:58:41,0,0,Bundesliga,1.0,1.0
284,9dbb75ca,2020-2021,Alexandre Lacazette,Arsenal,29,31,1923,13,2,2.7,7.4,43.0,25.0,18,32,329,107,39.0,37,0,54,0.21,0.28,2020-10-27 23:26:35,2021-06-06 00:45:05,20,33,Premier League,46.0,46.0
285,9e1035f8,2020-2021,Ferrán Torres,Manchester City,20,24,1306,7,2,1.9,5.4,36.0,14.0,18,30,219,67,22.0,16,0,17,-0.39,-0.36,2021-04-12 15:20:36,2021-06-06 00:51:28,19,44,Premier League,34.0,40.0
286,9e525177,2020-2021,Aaron Wan-Bissaka,Manchester Utd,22,34,3060,2,4,2.4,0.9,8.0,4.0,30,25,434,140,163.0,31,0,14,1.41,0.24,2020-10-27 23:16:06,2021-06-06 00:48:23,40,66,Premier League,125.0,57.0
287,9f7c837d,2020-2021,Ben Godfrey,Everton,22,31,2685,0,2,0.6,0.9,14.0,2.0,2,15,370,115,101.0,15,0,17,-0.5,-0.79,2021-04-12 15:21:48,2021-06-06 00:52:29,8,14,Premier League,51.0,10.0
288,9f84febe,2020-2021,Rick Karsdorp,Roma,25,34,2544,1,6,5.1,0.9,13.0,4.0,26,13,328,99,79.0,36,0,13,0.63,0.05,2021-04-12 15:46:35,2021-06-06 03:30:54,15,21,Serie A,113.0,44.0
289,9f8e9423,2020-2021,Raphaël Varane,Real Madrid,27,31,2715,2,0,0.1,2.1,17.0,4.0,3,3,182,58,61.0,16,0,10,-0.64,0.34,2020-10-28 00:19:06,2021-06-06 03:23:34,7,10,La Liga,86.0,16.0
290,a08b974a,2020-2021,Lucas Ocampos,Sevilla,26,34,2631,5,4,3.6,6.8,64.0,15.0,30,58,427,139,74.0,34,0,76,-0.5,0.64,2020-10-28 13:30:45,2021-06-06 03:25:30,72,116,La Liga,65.0,79.0
291,a0b4bb3e,2020-2021,Isco,Real Madrid,28,25,908,0,2,1.7,1.8,21.0,3.0,20,15,144,42,14.0,18,0,18,-0.59,-0.53,2020-10-28 00:20:02,2021-06-06 03:24:58,29,42,La Liga,68.0,39.0
292,a1232f4e,2020-2021,Eric Bailly,Manchester Utd,26,12,916,0,0,0.0,0.1,2.0,0.0,0,1,55,22,31.0,11,0,4,-1.18,-0.59,2021-04-12 15:18:28,2021-06-06 00:49:53,5,6,Premier League,29.0,3.0
293,a167537f,2020-2021,Julian Brandt,Dortmund,24,31,1495,3,2,2.8,3.0,23.0,8.0,30,33,315,100,45.0,7,0,16,-0.49,-0.1,2020-10-28 13:48:50,2021-06-06 00:58:47,31,47,Bundesliga,87.0,67.0
294,a1d5bd30,2020-2021,Marcus Rashford,Manchester Utd,22,37,2920,11,9,3.6,9.3,79.0,36.0,41,75,345,74,26.0,25,0,42,-1.0,-0.56,2020-10-27 23:16:15,2021-06-06 00:48:35,88,164,Premier League,96.0,105.0
295,a29b1131,2020-2021,Steven Bergwijn,Tottenham,22,21,1208,1,3,1.3,2.5,15.0,5.0,14,23,240,63,28.0,20,0,16,-0.24,-0.98,2020-10-27 22:20:08,2021-06-06 00:43:42,21,41,Premier League,18.0,33.0
296,a3b03921,2020-2021,Joe Willock,Newcastle Utd,20,14,978,8,0,0.7,2.6,17.0,12.0,8,23,332,61,67.0,9,0,16,1.11,0.53,2021-05-30 21:04:13,2021-05-30 21:04:13,20,32,,,
297,a3d94a58,2020-2021,Cristian Romero,Atalanta,22,31,2545,2,2,1.0,1.8,14.0,7.0,8,12,486,173,156.0,71,2,33,0.41,0.48,2021-04-12 15:48:42,2021-06-06 03:32:47,10,15,Serie A,68.0,23.0
298,a40819d9,2020-2021,Marash Kumbulla,Roma,20,21,1363,1,0,0.4,0.9,6.0,2.0,3,2,196,75,28.0,26,0,14,0.44,0.18,2021-04-12 15:48:02,2021-06-06 03:31:59,2,2,Serie A,38.0,7.0
299,a5296e55,2020-2021,Piotr Zieliński,Napoli,26,36,2523,8,10,5.4,5.4,61.0,25.0,58,33,279,84,44.0,12,0,45,-0.03,-0.45,2021-06-06 00:02:42,2021-06-06 00:02:42,53,88,Serie A,97.0,110.0
300,a58bb1e1,2020-2021,Gareth Bale,Tottenham,31,20,920,11,2,1.9,5.3,38.0,19.0,20,11,125,34,23.0,9,0,10,0.38,0.63,2020-10-28 00:20:25,2021-06-06 00:43:53,29,50,Premier League,32.0,45.0
301,a6154613,2020-2021,Luis Suárez,Atlético Madrid,33,32,2508,21,3,3.3,13.3,98.0,41.0,27,32,168,43,18.0,21,0,41,-0.78,-0.56,2020-10-28 00:17:38,2021-06-06 03:27:22,11,40,La Liga,39.0,66.0
302,a65ce836,2020-2021,Emre Can,Dortmund,26,28,2133,1,4,2.4,0.8,17.0,4.0,17,19,303,118,95.0,35,0,22,0.11,-0.53,2020-10-28 13:49:47,2021-06-06 00:58:23,37,45,Bundesliga,120.0,34.0
303,a67a09fb,2020-2021,Christian Fuchs,Leicester City,34,9,702,0,0,0.0,0.1,4.0,0.0,1,1,87,23,27.0,14,0,5,0.05,0.21,2021-06-06 00:02:24,2021-06-06 00:02:24,0,2,Premier League,33.0,3.0
304,a69e4806,2020-2021,Hirving Lozano,Napoli,25,32,1965,11,3,4.6,7.9,59.0,27.0,39,44,397,107,52.0,34,0,69,-0.09,0.21,2021-06-06 00:03:06,2021-06-06 00:03:06,28,56,Serie A,39.0,84.0
305,a8567629,2020-2021,Mitchel Bakker,Paris S-G,20,26,1694,0,2,1.9,0.2,2.0,2.0,16,16,192,67,60.0,16,0,9,1.08,0.56,2021-04-12 14:54:19,2021-06-06 00:56:11,13,21,Ligue 1,65.0,33.0
306,a8f21b9f,2020-2021,Carles Pérez,Roma,22,21,773,2,1,1.3,2.8,23.0,8.0,14,18,195,50,13.0,12,0,7,-0.79,-0.28,2021-05-30 23:52:14,2021-06-06 03:32:23,16,32,Serie A,14.0,32.0
307,aa849a12,2020-2021,Jack Harrison,Leeds United,23,36,2847,8,8,7.1,6.6,47.0,19.0,58,67,631,175,92.0,28,0,23,0.44,0.72,2021-04-12 15:23:41,2021-06-06 00:54:05,46,78,Premier League,111.0,104.0
308,abb3bb95,2020-2021,Luuk de Jong,Sevilla,29,34,1268,4,0,1.1,3.8,32.0,11.0,12,23,194,62,13.0,20,0,32,-0.27,-0.19,2020-10-28 13:31:33,2021-06-06 03:26:18,11,15,La Liga,9.0,25.0
309,abe66106,2020-2021,Érik Lamela,Tottenham,28,23,717,1,0,0.9,1.4,22.0,9.0,8,20,183,49,22.0,24,0,10,-0.92,-0.11,2020-10-27 22:19:35,2021-06-06 00:44:11,17,25,Premier League,29.0,26.0
310,ac4003af,2020-2021,Marco Sportiello,Atalanta,28,15,1261,0,0,0.0,0.0,,,0,0,2,1,1.0,0,0,1,-0.21,-0.1,2021-04-12 15:50:02,2021-06-06 03:33:54,0,0,Serie A,0.0,0.0
311,ac73ec79,2020-2021,Nordi Mukiele,RB Leipzig,22,28,1677,3,1,1.5,2.3,19.0,7.0,10,19,278,78,75.0,39,1,23,0.91,0.24,2020-10-28 13:53:23,2021-06-06 01:02:23,16,28,Bundesliga,96.0,26.0
312,ac861941,2020-2021,Eric Dier,Tottenham,26,28,2520,0,0,0.1,0.9,14.0,2.0,3,2,166,48,47.0,16,0,13,-0.81,-0.28,2020-10-27 22:19:26,2021-06-06 00:42:41,3,5,Premier League,62.0,16.0
313,adfc9123,2020-2021,Gerard Piqué,Barcelona,33,18,1481,0,0,0.5,0.6,8.0,2.0,2,3,114,46,36.0,13,0,6,-0.9,-0.02,2020-10-28 00:16:26,2021-06-06 00:11:58,1,1,La Liga,35.0,5.0
314,ae44e8e2,2020-2021,Dani Olmo,RB Leipzig,22,32,2194,5,9,4.9,7.0,77.0,21.0,38,47,453,160,60.0,21,0,38,0.86,0.31,2020-10-28 13:54:25,2021-06-06 01:01:40,24,65,Bundesliga,143.0,104.0
315,aef6e670,2020-2021,Presnel Kimpembe,Paris S-G,24,28,2303,0,0,0.3,0.2,5.0,1.0,4,5,218,72,87.0,31,2,25,-1.44,-0.58,2020-10-28 13:46:50,2021-06-06 00:55:35,7,10,Ligue 1,85.0,14.0
316,b0f7e36c,2020-2021,Federico Chiesa,Juventus,22,30,2210,8,8,6.5,6.0,60.0,25.0,45,42,397,131,69.0,30,0,36,-0.02,0.16,2021-04-12 15:41:21,2021-06-06 00:38:47,35,62,Serie A,82.0,86.0
317,b19db005,2020-2021,Ousmane Dembélé,Barcelona,23,30,1774,6,3,4.9,5.6,55.0,20.0,36,29,285,65,31.0,15,0,28,-0.25,-0.08,2021-04-12 14:44:28,2021-06-06 00:11:52,74,120,La Liga,76.0,82.0
318,b2d0ec1b,2020-2021,Nolito,Celta Vigo,33,36,2597,7,5,5.8,6.5,55.0,25.0,34,34,483,155,97.0,49,0,42,1.23,0.79,2020-10-28 13:31:57,2021-05-30 21:19:46,24,51,,,
319,b400bde0,2020-2021,Raheem Sterling,Manchester City,25,31,2536,10,7,4.8,11.4,67.0,28.0,38,82,288,83,34.0,36,0,41,-0.39,0.24,2020-10-27 23:13:18,2021-06-06 00:50:23,69,125,Premier League,62.0,100.0
320,b4a014b1,2020-2021,Diego Carlos,Sevilla,27,33,2788,1,0,0.6,1.0,15.0,5.0,6,1,204,72,54.0,49,1,19,-0.05,0.45,2020-10-28 13:30:29,2021-06-06 03:25:23,10,10,La Liga,50.0,15.0
321,b66315ae,2020-2021,Gabriel Jesus,Manchester City,23,29,2063,9,4,3.4,8.7,54.0,16.0,28,50,332,103,42.0,29,0,46,0.69,0.6,2020-10-27 23:14:07,2021-06-06 00:51:01,45,76,Premier League,31.0,71.0
322,b6964eb6,2020-2021,Chris Smalling,Roma,30,16,1111,0,1,0.5,0.4,7.0,1.0,2,2,110,37,33.0,14,1,8,-0.03,0.54,2021-04-12 15:47:47,2021-06-06 03:32:12,4,4,Serie A,12.0,5.0
323,b7a5bc86,2020-2021,Mohamed Fares,Lazio,24,21,1139,0,1,1.5,0.7,14.0,4.0,14,12,175,35,31.0,28,0,8,-0.83,-0.33,2021-04-12 15:45:31,2021-06-06 03:29:35,7,18,Serie A,29.0,28.0
324,b825a650,2020-2021,Kevin Kampl,RB Leipzig,29,27,1932,0,1,1.9,1.2,14.0,1.0,16,22,390,153,80.0,45,0,23,0.67,0.78,2020-10-28 13:54:35,2021-06-06 01:02:08,18,22,Bundesliga,102.0,47.0
325,b827d5b3,2020-2021,Marc Albrighton,Leicester City,30,31,1746,1,5,4.4,1.3,21.0,9.0,39,39,340,129,71.0,9,0,20,0.51,0.14,2021-06-06 00:01:36,2021-06-06 00:01:36,30,60,Premier League,87.0,71.0
326,b853e0ad,2020-2021,Fred,Manchester Utd,27,30,2390,1,0,2.5,1.9,25.0,7.0,24,34,639,200,135.0,46,0,30,0.47,0.27,2020-10-27 23:16:38,2021-06-06 00:48:52,24,32,Premier League,149.0,67.0
327,b96b595c,2020-2021,Francesco Acerbi,Lazio,32,32,2813,0,1,1.0,1.0,8.0,0.0,12,8,350,146,117.0,31,1,25,0.37,0.12,2020-10-28 15:34:55,2021-06-06 03:28:48,11,12,Serie A,99.0,32.0
328,b9fbae28,2020-2021,N'Golo Kanté,Chelsea,29,30,2146,0,2,1.1,0.9,10.0,3.0,21,27,481,164,149.0,37,0,7,-0.32,-0.59,2020-10-27 23:30:11,2021-06-06 00:46:52,29,38,Premier League,101.0,47.0
329,bba30585,2020-2021,Diego Llorente,Leeds United,26,15,1204,1,0,0.6,0.7,8.0,3.0,4,7,250,89,80.0,15,1,9,0.14,-0.32,2021-04-12 15:25:08,2021-06-06 00:54:59,5,5,Premier League,23.0,6.0
330,bc6f5f06,2020-2021,Sergi Gómez,Sevilla,28,9,719,0,0,0.0,0.0,1.0,0.0,0,0,51,18,9.0,1,0,1,0.13,-0.15,2020-10-28 13:32:46,2021-06-06 03:26:41,0,0,La Liga,10.0,0.0
331,bc7dc64d,2020-2021,Bukayo Saka,Arsenal,18,32,2553,5,3,4.7,6.9,61.0,21.0,38,66,394,111,61.0,28,0,64,-0.69,0.16,2020-10-27 21:33:22,2021-06-06 00:44:23,42,80,Premier League,64.0,98.0
332,bcb2ccd8,2020-2021,Péter Gulácsi,RB Leipzig,30,33,2970,0,0,0.0,0.0,,,0,1,2,0,,0,0,1,1.88,-0.6,2020-10-28 13:52:27,2021-06-06 01:01:30,0,0,Bundesliga,1.0,2.0
333,bd6351cd,2020-2021,João Cancelo,Manchester City,26,28,2299,2,3,4.9,2.0,35.0,11.0,44,31,338,121,129.0,36,1,19,-0.15,0.67,2020-10-27 23:15:10,2021-06-06 00:50:29,50,87,Premier League,166.0,71.0
334,bdc74a8f,2020-2021,Gonzalo Villar,Roma,22,33,1859,0,1,1.1,0.4,10.0,1.0,9,17,396,115,72.0,51,0,49,0.27,-0.05,2021-04-12 15:46:58,2021-06-06 03:31:23,33,45,Serie A,102.0,31.0
335,be927d03,2020-2021,Ashley Young,Inter,35,26,1425,1,4,2.7,1.2,15.0,5.0,29,5,134,32,33.0,13,0,15,0.27,0.04,2020-10-27 23:17:53,2021-06-06 01:06:30,7,15,Serie A,49.0,39.0
336,c0617e2b,2020-2021,Dani Ceballos,Arsenal,23,25,1615,0,3,2.9,0.7,12.0,2.0,27,21,281,75,64.0,22,0,24,-0.16,0.29,2020-10-27 23:27:15,2021-06-06 00:45:23,26,36,Premier League,107.0,55.0
337,c0c7ff58,2020-2021,Fabián Ruiz Peña,Napoli,24,33,2569,3,1,2.8,2.6,43.0,15.0,42,18,468,140,89.0,11,0,26,-0.11,0.18,2021-06-06 00:02:46,2021-06-06 00:02:46,20,31,Serie A,166.0,105.0
338,c0e27d1a,2020-2021,David Luiz,Arsenal,33,20,1396,1,0,0.4,0.9,15.0,2.0,2,1,95,37,27.0,15,0,6,0.16,0.23,2020-10-27 21:32:58,2021-06-06 00:45:35,2,4,Premier League,61.0,10.0
339,c14bc029,2020-2021,Saúl Ñíguez,Atlético Madrid,25,33,2033,2,1,2.0,1.8,33.0,10.0,25,19,431,125,94.0,44,0,14,-0.11,-0.3,2020-10-28 13:33:10,2021-06-06 03:27:52,12,18,La Liga,73.0,35.0
340,c3ee18ef,2020-2021,Lucas Hernández,Bayern Munich,24,23,1597,0,2,1.2,0.8,5.0,1.0,13,15,247,93,70.0,16,0,31,1.69,0.75,2020-10-28 13:51:47,2021-06-06 01:00:53,22,33,Bundesliga,88.0,24.0
341,c459a650,2020-2021,Joakim Mæhle,Atalanta,23,20,1216,0,2,1.5,1.4,21.0,6.0,15,22,179,52,31.0,10,0,11,0.2,0.45,2021-04-12 15:50:26,2021-06-06 03:33:59,19,38,Serie A,78.0,34.0
342,c56dc39e,2020-2021,Rafael Tolói,Atalanta,29,31,2537,2,0,0.9,3.5,27.0,8.0,14,15,336,131,95.0,38,1,14,-0.67,-0.35,2020-10-28 15:40:08,2021-06-06 03:32:54,12,24,Serie A,142.0,37.0
343,c5b7c315,2020-2021,Michael Keane,Everton,27,35,2991,3,1,1.1,1.2,16.0,6.0,8,8,204,70,74.0,15,2,9,-0.03,0.6,2020-10-27 22:02:36,2021-06-06 00:51:59,4,8,Premier League,87.0,22.0
344,c691bfe2,2020-2021,Sadio Mané,Liverpool,28,35,2810,11,7,5.7,15.3,93.0,35.0,57,82,468,158,57.0,54,0,78,0.83,0.95,2020-10-28 15:05:36,2021-06-06 00:41:09,84,142,Premier League,105.0,124.0
345,c707411f,2020-2021,Kostas Manolas,Napoli,29,30,2298,0,0,0.4,0.8,8.0,3.0,5,0,173,62,60.0,21,2,12,0.57,0.83,2021-06-06 00:02:54,2021-06-06 00:02:54,2,2,Serie A,52.0,18.0
346,c92e1a31,2020-2021,Kelechi Iheanacho,Leicester City,23,25,1459,12,2,2.9,7.0,58.0,25.0,25,35,243,54,16.0,26,0,13,-0.07,0.2,2021-06-06 00:01:41,2021-06-06 00:01:41,29,49,Premier League,29.0,44.0
347,c931d9f9,2020-2021,Daniel James,Manchester Utd,22,15,910,3,1,1.2,2.3,17.0,6.0,10,21,221,46,22.0,14,0,14,0.98,0.78,2020-10-27 23:16:30,2021-06-06 00:49:47,9,18,Premier League,25.0,16.0
348,ca8033cb,2020-2021,Lukas Klostermann,RB Leipzig,24,23,1446,1,0,0.5,0.8,12.0,2.0,4,5,178,73,45.0,7,0,8,0.09,0.17,2020-10-28 13:52:35,2021-06-06 01:02:47,3,8,Bundesliga,79.0,21.0
349,cc700722,2020-2021,Allan,Everton,29,24,2051,0,0,0.9,0.2,7.0,2.0,16,22,673,191,99.0,37,0,30,-0.26,0.25,2021-04-12 15:22:36,2021-06-06 00:52:53,28,43,Premier League,82.0,38.0
350,cc86b9a3,2020-2021,Leon Goretzka,Bayern Munich,25,24,1705,5,5,2.6,4.1,41.0,13.0,20,8,307,111,96.0,26,0,18,0.76,0.34,2020-10-28 13:51:15,2021-06-06 01:00:47,12,19,Bundesliga,107.0,46.0
351,cd0fa27b,2020-2021,Hakan Çalhanoğlu,Milan,26,33,2614,4,9,8.8,4.8,84.0,23.0,100,40,401,124,48.0,29,1,44,0.11,-0.08,2020-10-28 15:26:55,2021-06-06 01:03:46,35,57,Serie A,168.0,174.0
352,cd1acf9d,2020-2021,Trent Alexander-Arnold,Liverpool,21,36,3031,2,7,8.1,2.8,56.0,11.0,73,21,327,114,107.0,21,2,9,-0.79,0.2,2020-10-28 15:04:56,2021-05-30 23:54:25,38,67,,,
353,ce30bfc8,2020-2021,Roberto Gagliardini,Inter,26,28,1232,3,2,1.3,1.2,17.0,5.0,7,9,236,63,44.0,23,0,17,0.06,-0.52,2020-10-28 15:30:40,2021-06-06 01:06:36,7,11,Serie A,57.0,17.0
354,ce4246f5,2020-2021,Kurt Zouma,Chelsea,25,24,2029,5,0,0.0,1.8,27.0,12.0,2,7,109,40,47.0,17,2,6,0.32,-0.26,2020-10-27 23:29:41,2021-06-06 00:47:11,5,7,Premier League,66.0,11.0
355,d0042ab9,2020-2021,Mason Holgate,Everton,23,28,2287,1,0,0.6,0.8,5.0,3.0,9,9,316,97,106.0,28,3,29,-0.63,-0.57,2021-04-12 15:22:04,2021-06-06 00:52:40,7,11,Premier League,67.0,21.0
356,d04b94db,2020-2021,Nélson Semedo,Wolves,26,34,2983,1,1,1.1,1.9,23.0,11.0,20,38,552,164,129.0,42,0,34,-0.01,-0.1,2020-10-28 00:17:29,2021-05-30 21:14:40,57,91,,,
357,d0d8dd44,2020-2021,Stefan de Vrij,Inter,28,32,2734,1,0,0.4,1.4,11.0,4.0,7,3,223,72,71.0,20,0,10,-1.01,-0.1,2020-10-28 15:29:44,2021-06-06 01:05:53,6,6,Serie A,71.0,15.0
358,d2416c2e,2020-2021,Yussuf Poulsen,RB Leipzig,26,27,1354,5,4,2.8,5.0,45.0,14.0,14,40,335,90,14.0,22,0,30,-0.05,-0.2,2020-10-28 13:53:55,2021-06-06 01:02:53,26,40,Bundesliga,31.0,37.0
359,d2424d1b,2020-2021,Ben Chilwell,Chelsea,23,27,2286,3,5,2.8,2.4,27.0,10.0,30,26,323,102,75.0,23,0,42,0.03,0.23,2021-04-12 15:11:40,2021-06-06 00:46:34,18,33,Premier League,127.0,57.0
360,d248cd8f,2020-2021,Dayot Upamecano,RB Leipzig,21,29,2330,1,0,0.9,1.0,12.0,6.0,8,10,286,114,88.0,36,0,9,-1.02,0.0,2020-10-28 13:52:59,2021-06-06 01:01:35,10,16,Bundesliga,123.0,24.0
361,d3de9af0,2020-2021,Duván Zapata,Atalanta,29,37,2379,15,9,6.5,14.6,98.0,38.0,44,93,233,65,18.0,29,0,49,-0.24,-0.34,2020-10-28 15:40:39,2021-06-06 03:32:58,40,91,Serie A,34.0,99.0
362,d4535821,2020-2021,Adam Marušić,Lazio,27,36,2966,2,3,2.2,2.0,27.0,12.0,32,23,309,93,98.0,19,1,17,0.18,0.49,2020-10-28 15:36:40,2021-06-06 03:28:36,27,54,Serie A,90.0,58.0
363,d4c9725f,2020-2021,Theo Hernández,Milan,22,33,2933,7,5,5.2,3.6,47.0,13.0,39,34,386,122,110.0,39,2,81,-0.5,0.65,2020-10-28 15:27:12,2021-06-06 01:03:36,65,105,Serie A,160.0,79.0
364,d557d734,2020-2021,Matt Doherty,Tottenham,28,17,1240,0,2,0.8,0.4,3.0,1.0,11,12,186,38,41.0,20,0,12,0.3,0.43,2021-04-12 15:10:29,2021-06-06 00:43:35,7,16,Premier League,43.0,22.0
365,d5dd5f1f,2020-2021,Pierre-Emerick Aubameyang,Arsenal,31,29,2332,10,3,2.8,9.1,56.0,19.0,22,19,344,83,23.0,13,0,18,-0.35,-0.31,2020-10-27 21:32:50,2021-06-06 00:44:41,12,28,Premier League,50.0,45.0
366,d5f2f82b,2020-2021,Marquinhos,Paris S-G,26,25,2128,3,1,0.6,1.5,15.0,8.0,3,4,198,64,57.0,14,2,5,0.33,0.13,2020-10-28 13:46:18,2021-06-06 00:55:40,2,4,Ligue 1,89.0,14.0
367,d6e53a3a,2020-2021,Matthijs de Ligt,Juventus,20,27,2220,1,1,0.6,1.1,19.0,6.0,9,4,229,77,61.0,40,0,23,-0.38,0.31,2021-04-12 15:42:10,2021-06-06 00:39:09,5,7,Serie A,69.0,25.0
368,d70ce98e,2020-2021,Lionel Messi,Barcelona,33,35,3023,30,9,10.8,19.4,190.0,85.0,77,95,291,98,29.0,22,0,99,0.89,0.4,2020-10-28 00:16:32,2021-06-06 00:11:04,147,228,La Liga,317.0,241.0
369,d7553721,2020-2021,Giovani Lo Celso,Tottenham,24,18,945,1,1,1.3,1.2,15.0,5.0,14,25,290,91,41.0,19,0,20,0.61,0.45,2020-10-27 22:19:18,2021-06-06 00:43:47,14,19,Premier League,58.0,30.0
370,d781d855,2020-2021,Alphonso Davies,Bayern Munich,19,23,1763,1,2,0.8,0.2,4.0,3.0,13,45,246,98,94.0,14,1,37,-1.05,0.47,2020-10-28 13:50:51,2021-06-06 01:00:29,59,83,Bundesliga,107.0,47.0
371,d79a8c87,2020-2021,Rob Holding,Arsenal,24,30,2558,0,1,0.2,1.1,14.0,2.0,4,8,296,89,62.0,24,0,5,-0.14,-0.35,2021-04-12 15:14:28,2021-06-06 00:44:35,9,12,Premier League,101.0,12.0
372,d8931174,2020-2021,Harry Maguire,Manchester Utd,27,34,3047,2,1,0.3,2.1,36.0,9.0,7,10,191,67,91.0,40,1,30,1.13,0.37,2020-10-27 23:15:50,2021-06-06 00:48:29,6,13,Premier League,104.0,31.0
373,d93c2511,2020-2021,Scott McTominay,Manchester Utd,23,32,2129,4,1,0.9,2.1,26.0,7.0,14,30,348,107,99.0,47,0,41,0.67,0.01,2020-10-27 23:16:46,2021-06-06 00:49:04,22,32,Premier League,104.0,33.0
374,d9565625,2020-2021,Diogo Dalot,Milan,21,21,1090,1,1,1.2,0.7,10.0,5.0,9,3,180,38,55.0,25,0,4,-0.31,-0.63,2021-04-12 15:38:26,2021-06-06 01:04:59,9,13,Serie A,42.0,18.0
375,da7b447d,2020-2021,Davinson Sánchez,Tottenham,24,18,1486,0,0,0.0,1.1,6.0,0.0,0,4,155,49,54.0,22,0,9,0.64,0.61,2020-10-27 22:18:16,2021-06-06 00:43:11,0,0,Premier League,29.0,5.0
376,da974c7b,2020-2021,Kalidou Koulibaly,Napoli,29,26,2209,0,0,0.2,0.7,10.0,1.0,5,5,249,101,75.0,29,2,9,0.45,-0.12,2021-06-06 00:03:00,2021-06-06 00:03:00,12,15,Serie A,85.0,17.0
377,db092d3b,2020-2021,Ismaël Bennacer,Milan,22,21,1326,0,2,0.5,0.7,12.0,1.0,5,18,298,91,60.0,20,0,30,-0.2,-0.27,2020-10-28 15:27:20,2021-06-06 01:04:34,28,35,Serie A,77.0,26.0
378,db4ed67b,2020-2021,Mahmoud Dahoud,Dortmund,24,21,1258,1,1,1.2,0.5,16.0,5.0,12,22,296,82,57.0,27,0,19,1.1,-0.2,2021-04-12 14:58:27,2021-06-06 00:59:05,25,31,Bundesliga,64.0,36.0
379,dbf053da,2020-2021,Jadon Sancho,Dortmund,20,26,2062,8,11,6.8,6.6,51.0,15.0,67,41,255,93,30.0,1,0,22,-0.34,0.05,2020-10-28 13:48:34,2021-06-06 00:58:16,91,163,Bundesliga,148.0,125.0
380,dc3fa3b5,2020-2021,Diego Demme,Napoli,28,24,1590,2,3,1.6,1.4,14.0,5.0,18,19,427,125,79.0,33,0,28,0.22,-0.39,2020-10-28 13:53:39,2021-06-06 00:03:36,4,7,Serie A,68.0,36.0
381,dc64b8b3,2020-2021,Liam Cooper,Leeds United,28,25,2185,1,0,0.0,1.3,15.0,8.0,0,6,291,115,129.0,23,1,28,-0.81,0.07,2021-04-12 15:24:12,2021-06-06 00:54:35,3,3,Premier League,67.0,14.0
382,dd0daf32,2020-2021,Henrikh Mkhitaryan,Roma,31,34,2745,13,10,9.0,11.5,81.0,33.0,50,44,606,168,92.0,35,0,47,0.99,0.35,2020-10-28 15:38:23,2021-06-06 03:30:40,46,76,Serie A,121.0,109.0
383,de39485a,2020-2021,Yannick Carrasco,Atlético Madrid,26,30,2179,6,10,5.6,6.0,43.0,25.0,44,58,341,98,63.0,32,1,33,0.26,0.18,2020-10-28 13:35:34,2021-06-06 03:27:40,62,118,La Liga,92.0,88.0
384,dea698d9,2020-2021,Cristiano Ronaldo,Juventus,35,33,2802,29,2,2.8,20.4,162.0,60.0,30,45,225,61,17.0,17,0,43,0.54,-0.1,2020-10-28 15:32:15,2021-06-06 00:38:34,58,90,Serie A,81.0,114.0
385,df3cda47,2020-2021,Dejan Kulusevski,Juventus,20,35,1923,4,3,6.4,2.9,34.0,7.0,52,59,441,116,45.0,41,0,29,0.54,0.36,2021-04-12 15:42:17,2021-06-06 00:39:34,35,64,Serie A,73.0,94.0
386,df69b544,2020-2021,Antoine Griezmann,Barcelona,29,36,2604,13,7,5.6,12.4,68.0,30.0,42,24,423,133,52.0,13,0,34,-0.11,-0.03,2020-10-28 00:16:41,2021-06-06 00:11:10,25,38,La Liga,70.0,88.0
387,dff153a4,2020-2021,Leandro Paredes,Paris S-G,26,21,1302,1,2,1.3,1.0,25.0,7.0,11,5,170,57,50.0,23,1,19,-0.12,-0.09,2020-10-28 13:47:22,2021-06-06 00:56:47,6,9,Ligue 1,131.0,27.0
388,e0921a4f,2020-2021,Paulo Dybala,Juventus,26,20,1132,4,3,2.9,4.6,52.0,15.0,31,26,205,57,18.0,10,0,30,-0.23,-0.1,2020-10-28 15:33:11,2021-06-06 00:39:53,27,43,Serie A,68.0,62.0
389,e162b013,2020-2021,Thomas Meunier,Dortmund,28,21,1472,1,1,1.7,0.9,12.0,2.0,13,15,171,63,53.0,18,2,5,-0.23,-0.06,2020-10-28 13:46:43,2021-06-06 00:58:53,20,25,Bundesliga,88.0,24.0
390,e2716bd0,2020-2021,David Silva,Real Sociedad,34,21,1399,2,5,4.0,2.9,20.0,3.0,29,19,218,68,38.0,24,0,22,1.68,1.06,2020-10-27 23:14:00,2021-05-30 21:08:22,26,44,,,
391,e280527c,2020-2021,Marcel Sabitzer,RB Leipzig,26,27,2026,8,3,2.3,4.2,56.0,21.0,29,33,304,102,74.0,22,0,36,-1.12,-0.56,2020-10-28 13:52:44,2021-06-06 01:02:00,16,24,Bundesliga,159.0,59.0
392,e288d4b3,2020-2021,Alessandro Florenzi,Paris S-G,29,21,1538,2,1,2.0,2.2,21.0,8.0,19,3,169,54,45.0,10,0,7,-0.54,0.53,2020-10-28 15:38:56,2021-06-06 00:56:17,6,12,Ligue 1,60.0,27.0
393,e33c06cf,2020-2021,Niklas Süle,Bayern Munich,24,20,1505,1,0,0.3,1.1,20.0,4.0,8,5,159,60,54.0,9,1,4,1.05,0.47,2020-10-28 13:51:54,2021-06-06 01:00:59,8,12,Bundesliga,94.0,27.0
394,e342ad68,2020-2021,Mohamed Salah,Liverpool,28,37,3078,22,5,6.3,16.4,120.0,46.0,54,92,554,154,35.0,22,1,22,-1.58,-0.23,2020-10-28 15:05:28,2021-06-06 00:40:41,50,99,Premier League,137.0,117.0
395,e358587b,2020-2021,Pepe Reina,Lazio,37,29,2610,0,0,0.0,0.0,,,1,0,1,1,,0,0,1,1.08,-0.19,2021-04-12 15:44:18,2021-06-06 03:29:17,1,1,Serie A,1.0,1.0
396,e3a5814e,2020-2021,Ainsley Maitland-Niles,West Brom,22,15,1230,0,0,0.7,0.7,10.0,3.0,5,32,327,104,45.0,10,0,14,1.34,0.7,2021-05-30 21:03:34,2021-05-30 21:03:34,18,35,,,
397,e3cceee6,2020-2021,Merih Demiral,Juventus,22,15,940,0,1,0.1,0.7,7.0,2.0,1,3,106,31,29.0,11,0,1,0.7,0.49,2021-04-12 15:43:06,2021-06-06 00:40:11,3,3,Serie A,21.0,6.0
398,e40d028b,2020-2021,Gianluigi Buffon,Juventus,42,8,720,0,0,0.0,0.0,,,0,0,0,0,,0,0,1,1.39,0.49,2020-10-28 15:34:07,2021-06-06 00:40:28,0,0,Serie A,0.0,2.0
399,e42d61c7,2020-2021,Achraf Hakimi,Inter,21,37,2665,7,8,6.7,4.6,38.0,15.0,36,33,500,145,77.0,31,0,37,0.6,0.58,2020-10-28 13:48:02,2021-06-06 01:06:07,36,67,Serie A,124.0,75.0
400,e46012d4,2020-2021,Kevin De Bruyne,Manchester City,29,25,1997,6,12,10.2,7.5,79.0,25.0,79,34,376,121,53.0,27,0,32,-0.19,-0.24,2020-10-27 23:13:10,2021-06-06 00:50:46,40,69,Premier League,173.0,142.0
401,e599253a,2020-2021,Mario Pašalić,Atalanta,25,25,1122,6,2,2.8,4.5,19.0,12.0,18,25,266,74,36.0,19,0,10,-0.97,-0.3,2020-10-28 15:39:53,2021-06-06 03:34:07,15,22,Serie A,62.0,49.0
402,e5a76dfe,2020-2021,Dean Henderson,Manchester Utd,23,13,1125,0,0,0.0,0.0,0.0,0.0,0,0,4,1,,0,0,0,0.65,0.32,2021-04-12 15:18:20,2021-06-06 00:49:35,0,0,Premier League,0.0,1.0
403,e61b8aee,2020-2021,Granit Xhaka,Arsenal,27,31,2522,1,2,1.6,0.8,21.0,6.0,18,19,346,96,83.0,39,1,38,0.84,0.91,2020-10-27 21:33:14,2021-06-06 00:44:29,10,19,Premier League,213.0,40.0
404,e85fb9b8,2020-2021,Giorgio Chiellini,Juventus,35,17,1386,0,1,0.0,0.6,6.0,0.0,1,4,114,49,37.0,19,1,15,-0.52,-0.5,2021-04-12 15:42:50,2021-06-06 00:39:47,3,4,Serie A,52.0,11.0
405,e92cd3f7,2020-2021,Alexander Sørloth,RB Leipzig,24,29,1443,5,3,2.2,5.7,48.0,17.0,26,47,315,106,16.0,28,0,8,0.09,0.12,2021-04-12 15:02:37,2021-06-06 01:03:00,20,32,Bundesliga,35.0,60.0
406,ea6bc03a,2020-2021,Robin Koch,Leeds United,24,17,1132,0,0,0.2,0.8,9.0,2.0,4,5,183,48,42.0,17,2,8,-0.43,0.3,2021-04-12 15:24:52,2021-06-06 00:55:11,2,2,Premier League,44.0,10.0
407,eaeca114,2020-2021,Nathan Aké,Manchester City,25,10,797,1,0,0.0,0.1,3.0,1.0,1,2,73,25,21.0,8,0,5,-1.31,-0.53,2021-05-31 00:05:33,2021-06-06 00:51:53,0,0,Premier League,36.0,3.0
408,eb2fe5b6,2020-2021,Luis Muriel,Atalanta,29,36,1436,22,7,4.7,13.8,83.0,36.0,45,47,279,73,27.0,18,0,20,1.07,0.64,2020-10-28 15:41:19,2021-06-06 03:33:47,55,96,Serie A,75.0,99.0
409,eb58eef0,2020-2021,Georginio Wijnaldum,Liverpool,29,38,2941,2,0,1.8,3.2,31.0,9.0,22,26,426,154,55.0,17,1,25,-0.73,-0.25,2020-10-28 15:05:07,2021-06-06 00:40:53,34,51,Premier League,93.0,53.0
410,eb7822d7,2020-2021,Nemanja Matić,Manchester Utd,31,20,1106,0,0,0.4,0.3,6.0,3.0,7,10,175,56,42.0,14,1,7,-0.53,-0.12,2020-10-27 23:17:04,2021-06-06 00:49:41,15,18,Premier League,79.0,20.0
411,ecada4fc,2020-2021,Keylor Navas,Paris S-G,33,29,2520,0,0,0.3,0.0,,,1,0,5,2,,0,0,2,0.44,-0.07,2020-10-28 13:45:31,2021-06-06 00:55:24,1,1,Ligue 1,0.0,3.0
412,ed1e53f3,2020-2021,Phil Foden,Manchester City,20,28,1616,9,5,4.1,5.5,45.0,20.0,34,29,307,88,38.0,13,0,34,0.62,-0.17,2020-10-27 23:15:26,2021-06-06 00:51:16,43,71,Premier League,60.0,67.0
413,ed9f7cfe,2020-2021,Renan Lodi,Atlético Madrid,22,23,1129,1,2,1.1,0.7,12.0,4.0,15,15,190,66,55.0,19,0,27,0.14,0.69,2020-10-28 13:33:34,2021-06-06 03:28:17,24,30,La Liga,38.0,28.0
414,ee251371,2020-2021,Alexis Saelemaekers,Milan,21,32,2016,2,4,2.8,2.9,28.0,7.0,31,30,523,159,75.0,30,0,34,-0.27,-0.2,2020-10-28 15:29:12,2021-06-06 01:03:59,44,66,Serie A,63.0,72.0
415,ee38d9c5,2020-2021,James Maddison,Leicester City,23,31,2099,8,5,5.3,4.4,74.0,24.0,52,43,344,94,47.0,19,0,57,0.11,-0.22,2021-06-06 00:01:12,2021-06-06 00:01:12,32,55,Premier League,101.0,105.0
416,ee8508c0,2020-2021,Jan Oblak,Atlético Madrid,27,38,3420,0,0,0.0,0.0,,,0,0,1,0,,0,1,5,,,2020-10-28 13:33:02,2021-06-06 03:26:52,1,1,La Liga,0.0,2.0
417,ee93c1a9,2020-2021,Federico Bernardeschi,Juventus,26,27,972,0,2,2.1,1.5,13.0,6.0,22,18,120,31,24.0,13,0,18,-0.79,-0.37,2020-10-28 15:33:44,2021-06-06 00:40:17,20,34,Serie A,38.0,40.0
418,ef619b0b,2020-2021,Aaron Ramsey,Juventus,29,22,1089,2,4,3.6,5.0,23.0,10.0,30,10,225,73,30.0,19,1,18,0.92,0.27,2020-10-28 15:33:59,2021-06-06 00:40:05,12,19,Serie A,59.0,58.0
419,f0da930c,2020-2021,José María Giménez,Atlético Madrid,25,21,1765,0,0,0.2,0.9,15.0,5.0,3,2,117,32,44.0,19,0,18,0.24,0.31,2020-10-28 13:34:30,2021-06-06 03:27:59,1,2,La Liga,55.0,6.0
420,f0f7f62f,2020-2021,Pierluigi Gollini,Atalanta,25,25,2156,0,0,0.0,0.0,,,1,0,4,2,1.0,1,0,4,0.21,0.12,2021-04-12 15:49:14,2021-06-06 03:33:18,1,1,Serie A,1.0,3.0
421,f13d02a6,2020-2021,Hélder Costa,Leeds United,26,22,1156,3,3,0.9,2.0,16.0,6.0,9,32,265,72,36.0,20,0,18,-0.55,-0.49,2021-04-12 15:24:44,2021-06-06 00:55:05,19,41,Premier League,16.0,21.0
422,f4290206,2020-2021,Marcos Alonso,Chelsea,29,13,960,2,0,1.1,1.7,22.0,9.0,12,14,140,41,24.0,13,0,12,-0.54,-0.39,2020-10-27 23:30:43,2021-06-06 00:47:59,7,14,Premier League,49.0,33.0
423,f4d296e4,2020-2021,Pascal Struijk,Leeds United,20,27,2075,1,0,0.2,2.4,14.0,4.0,5,9,382,118,97.0,26,1,7,0.13,-0.36,2021-04-12 15:24:28,2021-06-06 00:54:43,4,5,Premier League,47.0,12.0
424,f586779e,2020-2021,Tammy Abraham,Chelsea,22,22,1040,6,1,0.9,6.4,32.0,13.0,8,13,162,38,10.0,22,0,12,0.54,0.34,2020-10-27 23:29:49,2021-06-06 00:47:53,6,19,Premier League,11.0,18.0
425,f5deef4c,2020-2021,Victor Lindelöf,Manchester Utd,26,29,2585,1,1,0.7,0.7,4.0,1.0,6,6,192,67,58.0,24,2,8,1.29,0.62,2020-10-27 23:15:58,2021-06-06 00:48:46,2,4,Premier League,92.0,9.0
426,f6798fc3,2020-2021,Yassine Bounou,Sevilla,29,33,2970,1,0,0.0,0.3,1.0,1.0,1,1,2,1,,0,1,4,0.15,0.04,2021-04-12 14:47:32,2021-06-06 03:25:16,1,1,La Liga,1.0,4.0
427,f6ac68c1,2020-2021,Stefan Savić,Atlético Madrid,29,33,2953,1,0,0.2,0.9,7.0,2.0,2,3,225,98,83.0,29,0,17,1.5,-0.17,2020-10-28 13:34:14,2021-06-06 03:27:10,6,7,La Liga,74.0,13.0
428,f7036e1c,2020-2021,Lautaro Martínez,Inter,22,38,2561,17,6,4.5,14.0,108.0,36.0,32,55,507,133,52.0,65,0,61,0.22,0.15,2020-10-28 15:30:07,2021-06-06 01:05:58,37,73,Serie A,62.0,80.0
429,f7223718,2020-2021,Patric,Lazio,27,25,1595,0,1,1.1,0.3,7.0,0.0,11,6,262,80,41.0,22,1,6,-0.61,-0.3,2020-10-28 15:36:08,2021-06-06 03:29:28,1,3,Serie A,62.0,28.0
430,f7d50789,2020-2021,Toby Alderweireld,Tottenham,31,25,2240,1,0,0.3,0.8,11.0,3.0,7,2,202,74,52.0,17,0,3,0.46,0.06,2020-10-27 22:17:35,2021-06-06 00:42:59,3,3,Premier League,52.0,19.0
431,f874dd44,2020-2021,Héctor Bellerín,Arsenal,25,25,2089,1,2,2.4,0.8,15.0,5.0,22,9,223,62,47.0,21,0,7,-0.86,-0.66,2020-10-27 23:27:55,2021-06-06 00:44:53,16,31,Premier League,88.0,41.0
432,f8fcd2a5,2020-2021,Jonny Evans,Leicester City,32,28,2473,2,2,0.3,1.7,8.0,3.0,8,6,168,66,62.0,18,0,12,0.26,0.08,2021-06-06 00:00:50,2021-06-06 00:00:50,6,6,Premier League,63.0,14.0
433,fa031b34,2020-2021,Richarlison,Everton,23,34,2861,7,3,3.2,10.7,82.0,32.0,25,67,575,144,69.0,34,0,73,0.55,0.63,2020-10-27 22:02:07,2021-06-06 00:52:05,62,111,Premier League,42.0,80.0
434,fb614c44,2020-2021,James Justin,Leicester City,22,23,2070,2,1,1.6,1.6,10.0,3.0,18,25,347,110,88.0,16,0,39,0.34,0.17,2021-06-06 00:01:17,2021-06-06 00:01:17,20,34,Premier League,92.0,48.0
435,fc027d02,2020-2021,Luke Thomas,Leicester City,19,14,969,1,0,0.2,0.3,8.0,3.0,5,13,194,59,39.0,10,0,16,-0.01,0.24,2021-06-06 00:01:59,2021-06-06 00:01:59,10,17,Premier League,28.0,14.0
436,fc62f087,2020-2021,Abdou Diallo,Paris S-G,24,22,1490,0,1,0.5,0.3,4.0,0.0,1,4,126,41,40.0,17,2,9,0.51,0.13,2020-10-28 13:46:58,2021-06-06 00:56:23,20,35,Ligue 1,75.0,6.0
437,fce2302c,2020-2021,Kieran Tierney,Arsenal,23,27,2299,1,3,4.1,0.4,15.0,3.0,33,16,197,65,49.0,14,0,18,-0.33,-0.17,2020-10-27 23:28:11,2021-06-06 00:44:47,22,42,Premier League,98.0,58.0
438,fd51b456,2020-2021,Lucas Vázquez,Real Madrid,29,24,1848,2,5,4.3,2.2,22.0,8.0,44,23,394,128,81.0,31,0,31,-0.01,-0.11,2020-10-28 00:20:50,2021-06-06 03:24:11,29,44,La Liga,97.0,73.0
439,fd771f95,2020-2021,Martin Braithwaite,Barcelona,29,29,1175,2,2,2.0,4.3,23.0,7.0,10,23,132,43,15.0,11,0,20,-0.13,0.36,2021-04-12 14:44:44,2021-06-06 00:12:10,11,16,La Liga,9.0,23.0
440,fdf4b948,2020-2021,Jean-Daniel Akpa-Akpro,Lazio,27,32,1056,0,1,0.9,0.9,12.0,1.0,12,17,354,109,65.0,31,0,12,0.26,-0.16,2021-04-12 15:45:39,2021-06-06 03:30:24,20,27,Serie A,28.0,19.0
441,fe641c1a,2020-2021,Thomas Delaney,Dortmund,28,20,1286,1,1,0.2,0.4,8.0,3.0,4,8,274,100,73.0,36,1,26,0.1,-0.68,2020-10-28 13:49:31,2021-06-06 00:59:10,4,12,Bundesliga,46.0,16.0
442,fed7cb61,2020-2021,Kai Havertz,Chelsea,21,27,1520,4,3,1.6,6.3,35.0,15.0,17,38,261,59,30.0,27,1,15,0.66,0.23,2021-04-12 15:12:44,2021-06-06 00:47:35,22,46,Premier League,42.0,47.0
